Date,Open,High,Low,Close
05/15/2014,436,445,436,444
05/16/2014,444,448,440,446
05/19/2014,445,446,443,444
05/20/2014,444,446,442,444
05/21/2014,444,494,443,483
05/22/2014,483,494,482,489
05/23/2014,489,521,488,524
05/26/2014,522,579,522,569
05/27/2014,569,590,565,580
05/28/2014,580,591,550,572
05/29/2014,572,577,560,567
05/30/2014,568,576,556,610
06/02/2014,621,677,619,641
06/03/2014,641,663,611,663
06/04/2014,663,676,646,663
06/05/2014,663,669,618,642
06/06/2014,642,665,636,648
06/09/2014,652,657,649,652
06/10/2014,652,655,638,642
06/11/2014,642,658,641,649
06/12/2014,649,655,627,627
06/13/2014,627,634,581,590
06/16/2014,562,576,551,572
06/17/2014,572,607,572,595
06/18/2014,595,609,586,608
06/19/2014,608,614,600,604
06/20/2014,604,606,593,590
06/23/2014,591,603,591,598
06/24/2014,598,600,581,587
06/25/2014,587,589,583,583
06/26/2014,583,584,559,563
06/27/2014,563,572,559,580
06/30/2014,597,599,589,594
07/01/2014,594,643,594,636
07/02/2014,636,655,636,644
07/03/2014,644,654,628,645
07/04/2014,645,648,635,631
07/07/2014,625,636,625,631
07/08/2014,631,633,612,617
07/09/2014,617,623,616,621
07/10/2014,621,624,616,622
07/11/2014,622,622,609,630
07/14/2014,631,635,626,628
07/15/2014,628,628,616,620
07/16/2014,620,622,617,619
07/17/2014,619,621,613,615
07/18/2014,615,627,612,625
07/21/2014,626,627,619,620
07/22/2014,620,621,617,620
07/23/2014,620,622,619,619
07/24/2014,619,620,617,618
07/25/2014,618,619,591,598
07/28/2014,595,598,590,592
07/29/2014,592,623,512,585
07/30/2014,585,588,578,582
07/31/2014,582,583,563,564
08/01/2014,564,588,560,597
08/04/2014,589,589,578,586
08/05/2014,586,593,583,586
08/06/2014,586,588,580,581
08/07/2014,582,586,582,585
08/08/2014,591,591,591,591
08/09/2014,588,588,588,588
08/10/2014,589,589,589,589
08/11/2014,573,573,573,573
08/12/2014,568,568,568,568
08/13/2014,545,545,545,545
08/14/2014,509,509,509,509
08/15/2014,497,497,497,497
08/16/2014,520,520,520,520
08/17/2014,493,493,493,493
08/18/2014,461,461,461,461
08/19/2014,487,487,487,487
08/20/2014,512,512,512,512
08/21/2014,516,516,516,516
08/22/2014,514,514,514,514
08/23/2014,497,497,497,497
08/24/2014,509,509,509,509
08/25/2014,502,502,502,502
08/26/2014,513,513,513,513
08/27/2014,510,510,510,510
08/28/2014,507,507,507,507
08/29/2014,508,508,508,508
08/30/2014,501,501,501,501
08/31/2014,478,478,478,478
09/01/2014,474,474,474,474
09/02/2014,475,475,475,475
09/03/2014,475,475,475,475
09/04/2014,489,489,489,489
09/05/2014,481,481,481,481
09/06/2014,482,482,482,482
09/07/2014,479,479,479,479
09/08/2014,472,472,472,472
09/09/2014,472,472,472,472
09/10/2014,478,478,478,478
09/11/2014,476,476,476,476
09/12/2014,474,474,474,474
09/15/2014,473,474,472,474
09/16/2014,474,475,474,474
09/17/2014,474,475,462,463
09/18/2014,463,465,448,450
09/19/2014,450,456,405,395
09/22/2014,407,410,391,393
09/23/2014,393,405,392,402
09/24/2014,402,444,391,435
09/25/2014,435,439,419,423
09/26/2014,423,424,407,404
09/29/2014,398,400,370,376
09/30/2014,376,386,369,377
10/01/2014,377,394,371,386
10/02/2014,386,390,378,382
10/03/2014,382,383,370,357
10/06/2014,327,340,286,303
10/07/2014,303,344,301,335
10/08/2014,336,339,317,328
10/09/2014,328,351,325,351
10/10/2014,351,383,347,357
10/13/2014,360,374,352,374
10/14/2014,374,392,367,389
10/15/2014,390,410,386,403
10/16/2014,403,403,386,391
10/17/2014,391,396,369,379
10/20/2014,391,392,383,386
10/21/2014,386,389,377,381
10/22/2014,381,389,377,383
10/23/2014,383,384,378,380
10/24/2014,380,381,354,355
10/27/2014,348,438,343,352
10/28/2014,352,435,346,351
10/29/2014,351,355,348,351
10/30/2014,351,352,335,336
10/31/2014,335,350,332,340
11/03/2014,324,334,323,326
11/04/2014,326,330,321,326
11/05/2014,326,341,326,339
11/06/2014,339,352,336,348
11/07/2014,348,351,340,341
11/10/2014,357,375,357,367
11/11/2014,366,371,360,366
11/12/2014,366,432,365,423
11/13/2014,423,458,386,403
11/14/2014,403,425,382,401
11/17/2014,386,410,375,383
11/18/2014,383,391,370,376
11/19/2014,376,385,371,375
11/20/2014,375,379,353,356
11/21/2014,356,357,342,351
11/24/2014,367,389,365,377
11/25/2014,377,393,374,376
11/26/2014,376,378,366,367
11/27/2014,367,373,365,369
11/28/2014,369,381,358,381
12/01/2014,377,383,375,379
12/02/2014,379,384,378,380
12/03/2014,380,383,374,377
12/04/2014,377,378,367,372
12/05/2014,372,378,366,378
12/08/2014,374,375,363,366
12/09/2014,366,366,344,351
12/10/2014,351,352,346,348
12/11/2014,348,361,338,348
12/12/2014,348,354,346,352
12/15/2014,351,352,344,345
12/16/2014,345,346,328,329
12/17/2014,329,333,314,320
12/18/2014,320,323,304,311
12/19/2014,311,316,306,314
12/22/2014,320,332,319,330
12/23/2014,330,336,328,334
12/24/2014,334,334,321,321
12/25/2014,321,322,317,319
12/26/2014,319,330,316,329
12/29/2014,315,320,312,313
12/30/2014,313,314,309,310
12/31/2014,310,317,309,317
01/01/2015,317,320,314,314
01/02/2015,314,316,313,314
01/05/2015,266,278,260,270
01/06/2015,270,286,270,285
01/07/2015,286,300,283,294
01/08/2015,294,296,282,290
01/09/2015,290,291,280,287
01/12/2015,266,272,264,269
01/13/2015,270,270,224,235
01/14/2015,235,235,170,182
01/15/2015,181,229,170,206
01/16/2015,205,222,199,208
01/19/2015,207,217,207,215
01/20/2015,215,216,205,210
01/21/2015,210,225,210,225
01/22/2015,225,237,223,231
01/23/2015,231,235,224,234
01/26/2015,250,308,250,271
01/27/2015,271,275,251,260
01/28/2015,260,265,231,232
01/29/2015,232,238,220,233
01/30/2015,234,243,226,227
02/02/2015,231,232,222,226
02/03/2015,226,246,224,226
02/04/2015,226,230,221,225
02/05/2015,225,228,215,218
02/06/2015,218,226,216,224
02/09/2015,222,224,217,221
02/10/2015,221,222,215,220
02/11/2015,220,224,218,219
02/12/2015,219,222,218,222
02/13/2015,222,240,221,235
02/16/2015,231,240,228,236
02/17/2015,236,246,232,242
02/18/2015,242,244,232,233
02/19/2015,233,243,233,240
02/20/2015,240,247,239,244
02/23/2015,235,239,232,239
02/24/2015,239,240,236,238
02/25/2015,239,239,236,238
02/26/2015,238,238,234,236
02/27/2015,236,258,236,254
03/02/2015,258,271,256,270
03/03/2015,270,286,267,284
03/04/2015,284,285,266,269
03/05/2015,269,280,264,278
03/06/2015,278,278,269,273
03/09/2015,275,277,272,273
03/10/2015,273,292,273,290
03/11/2015,290,300,287,292
03/12/2015,292,297,289,295
03/13/2015,295,297,292,289
03/16/2015,282,286,281,286
03/17/2015,286,294,284,291
03/18/2015,291,292,283,284
03/19/2015,284,285,248,253
03/20/2015,253,263,247,261
03/23/2015,259,268,259,267
03/24/2015,267,270,261,266
03/25/2015,266,267,243,248
03/26/2015,248,249,236,245
03/27/2015,245,254,245,248
03/30/2015,252,253,239,241
03/31/2015,241,249,236,246
04/01/2015,246,248,241,245
04/02/2015,245,247,240,246
04/03/2015,246,254,244,254
04/06/2015,253,258,251,257
04/07/2015,257,261,254,255
04/08/2015,255,256,252,254
04/09/2015,254,254,242,245
04/10/2015,245,245,238,234
04/13/2015,235,237,233,236
04/14/2015,236,237,221,222
04/15/2015,222,225,215,216
04/16/2015,216,222,216,221
04/17/2015,221,229,221,222
04/20/2015,223,226,221,222
04/21/2015,222,226,221,223
04/22/2015,223,235,223,233
04/23/2015,233,238,233,233
04/24/2015,233,236,233,231
04/27/2015,227,227,214,219
04/28/2015,219,232,217,232
04/29/2015,232,232,223,225
04/30/2015,225,227,223,226
05/01/2015,226,240,225,235
05/04/2015,236,244,234,240
05/05/2015,240,243,238,239
05/06/2015,239,239,232,236
05/07/2015,236,237,229,230
05/08/2015,231,240,229,244
05/11/2015,241,244,238,239
05/12/2015,239,244,239,242
05/13/2015,242,243,239,241
05/14/2015,241,244,234,235
05/18/2015,236,238,235,236
05/19/2015,236,237,232,232
05/20/2015,232,234,232,232
05/21/2015,232,235,232,234
05/22/2015,234,236,234,241
05/25/2015,239,243,239,242
05/26/2015,242,242,237,237
05/27/2015,237,239,236,238
05/28/2015,238,239,236,237
05/29/2015,237,238,237,237
06/01/2015,233,234,231,231
06/02/2015,231,232,222,222
06/03/2015,222,227,222,226
06/04/2015,226,227,224,226
06/05/2015,226,226,224,226
06/08/2015,225,226,223,224
06/09/2015,224,230,223,229
06/10/2015,229,231,228,230
06/11/2015,230,230,228,229
06/12/2015,229,230,229,231
06/15/2015,233,236,232,233
06/16/2015,233,239,233,237
06/17/2015,237,254,236,247
06/18/2015,247,258,246,249
06/19/2015,249,252,243,245
06/22/2015,245,246,242,244
06/23/2015,244,248,244,248
06/24/2015,248,248,243,245
06/25/2015,245,245,240,241
06/26/2015,241,244,240,241
06/29/2015,250,251,247,248
06/30/2015,248,256,248,255
07/01/2015,255,268,255,263
07/02/2015,263,265,255,259
07/03/2015,259,261,253,255
07/06/2015,261,274,258,270
07/07/2015,270,276,267,274
07/08/2015,274,274,263,265
07/09/2015,265,272,264,266
07/10/2015,266,272,265,284
07/13/2015,293,314,291,307
07/14/2015,307,310,278,291
07/15/2015,291,296,285,289
07/16/2015,289,292,286,289
07/17/2015,289,290,274,278
07/20/2015,274,276,273,273
07/21/2015,273,279,272,277
07/22/2015,277,280,231,278
07/23/2015,278,278,252,275
07/24/2015,275,277,275,288
07/27/2015,287,293,287,291
07/28/2015,291,295,286,295
07/29/2015,295,296,292,294
07/30/2015,294,295,288,290
07/31/2015,290,290,286,284
08/03/2015,280,281,277,281
08/04/2015,281,285,279,283
08/05/2015,283,285,280,285
08/06/2015,285,285,281,282
08/07/2015,282,282,278,279
08/10/2015,265,267,259,264
08/11/2015,264,266,262,264
08/12/2015,264,269,263,269
08/13/2015,269,271,265,268
08/14/2015,268,269,262,266
08/17/2015,262,263,256,258
08/18/2015,258,260,256,257
08/19/2015,257,257,247,251
08/20/2015,251,251,214,223
08/21/2015,223,237,222,232
08/24/2015,230,232,225,227
08/25/2015,227,228,209,209
08/26/2015,209,226,198,221
08/27/2015,221,230,220,226
08/28/2015,226,228,223,234
08/31/2015,228,232,225,227
09/01/2015,227,232,225,230
09/02/2015,230,231,226,227
09/03/2015,227,230,226,229
09/04/2015,229,229,226,230
09/07/2015,235,243,234,241
09/08/2015,241,242,238,241
09/09/2015,241,246,239,243
09/10/2015,243,244,237,238
09/11/2015,238,241,236,240
09/14/2015,236,236,229,229
09/15/2015,229,232,228,232
09/16/2015,232,232,229,230
09/17/2015,230,231,227,228
09/18/2015,228,235,228,233
09/21/2015,231,232,231,231
09/22/2015,231,231,226,227
09/23/2015,227,232,225,230
09/24/2015,230,232,229,230
09/25/2015,230,236,230,234
09/28/2015,235,235,233,233
09/29/2015,233,240,233,239
09/30/2015,239,240,236,237
10/01/2015,237,238,235,237
10/02/2015,237,239,236,237
10/05/2015,239,240,238,239
10/06/2015,239,240,237,240
10/07/2015,240,248,240,246
10/08/2015,246,247,244,244
10/09/2015,244,245,243,244
10/12/2015,245,248,245,247
10/13/2015,247,248,245,246
10/14/2015,246,251,244,249
10/15/2015,249,255,249,253
10/16/2015,254,257,253,261
10/19/2015,270,272,261,263
10/20/2015,263,266,262,264
10/21/2015,264,272,263,269
10/22/2015,269,272,264,268
10/23/2015,268,279,267,277
10/26/2015,280,295,280,285
10/27/2015,285,288,281,285
10/28/2015,285,297,285,297
10/29/2015,297,307,292,302
10/30/2015,302,319,301,322
11/02/2015,324,362,322,358
11/03/2015,358,417,355,393
11/04/2015,393,492,393,417
11/05/2015,417,447,368,409
11/06/2015,409,410,354,373
11/09/2015,371,387,362,380
11/10/2015,380,383,334,334
11/11/2015,334,341,299,310
11/12/2015,311,346,301,327
11/13/2015,327,343,325,333
11/15/2015,333,339,316,325
11/23/2015,324,325,324,324
11/24/2015,324,324,317,321
11/25/2015,328,334,328,333
11/26/2015,353,353,353,353
11/27/2015,358,358,358,358
11/28/2015,358,358,358,358
11/29/2015,372,372,372,372
11/30/2015,377,377,377,377
12/01/2015,363,363,363,363
12/02/2015,359,359,359,359
12/03/2015,361,361,361,361
12/04/2015,363,363,363,363
12/05/2015,389,389,389,389
12/06/2015,388,388,388,388
12/07/2015,396,396,396,396
12/08/2015,418,418,418,418
12/09/2015,415,417,405,417
12/10/2015,417,420,411,417
12/11/2015,417,453,415,448
12/14/2015,438,448,429,441
12/15/2015,441,464,441,463
12/16/2015,463,466,440,457
12/17/2015,457,458,450,455
12/18/2015,455,466,455,463
12/21/2015,440,446,425,435
12/22/2015,435,443,434,437
12/23/2015,437,445,434,445
12/24/2015,445,460,442,453
12/25/2015,453,459,451,456
12/28/2015,422,429,417,419
12/29/2015,419,432,418,429
12/30/2015,429,434,421,426
12/31/2015,426,433,418,432
01/01/2016,432,436,427,435
01/04/2016,428,435,428,435
01/05/2016,435,435,429,432
01/06/2016,432,432,426,431
01/07/2016,431,457,429,455
01/08/2016,455,464,447,453
01/11/2016,446,451,443,449
01/12/2016,449,449,445,446
01/13/2016,446,447,422,428
01/14/2016,428,434,427,432
01/15/2016,432,432,385,386
01/18/2016,387,387,374,383
01/19/2016,383,387,377,380
01/20/2016,380,416,374,407
01/21/2016,407,425,405,407
01/22/2016,407,413,374,379
01/25/2016,402,404,387,392
01/26/2016,391,395,389,393
01/27/2016,393,397,388,394
01/28/2016,394,395,377,382
01/29/2016,382,383,364,374
02/01/2016,376,379,364,370
02/02/2016,370,375,370,373
02/03/2016,373,374,368,369
02/04/2016,369,391,366,387
02/05/2016,387,391,384,385
02/08/2016,375,379,371,373
02/09/2016,372,376,371,373
02/10/2016,373,384,373,380
02/11/2016,380,381,373,376
02/12/2016,376,384,375,382
02/15/2016,401,410,395,396
02/16/2016,396,408,396,406
02/17/2016,406,421,406,419
02/18/2016,419,425,415,421
02/19/2016,421,422,416,420
02/22/2016,439,440,433,438
02/23/2016,438,441,416,421
02/24/2016,421,425,411,423
02/25/2016,424,427,418,423
02/26/2016,423,425,420,425
02/29/2016,433,442,430,435
03/01/2016,435,439,429,432
03/02/2016,432,435,427,428
03/03/2016,428,428,416,420
03/04/2016,420,423,409,411
03/07/2016,407,413,402,412
03/08/2016,412,416,408,411
03/09/2016,411,414,409,411
03/10/2016,411,416,411,416
03/11/2016,416,422,416,419
03/14/2016,410,416,410,412
03/15/2016,412,415,412,414
03/16/2016,414,417,413,416
03/17/2016,415,416,414,416
03/18/2016,416,420,416,406
03/21/2016,406,412,406,411
03/22/2016,411,412,407,411
03/23/2016,411,417,410,416
03/24/2016,416,419,416,418
03/25/2016,418,418,413,415
03/28/2016,416,427,416,426
03/29/2016,426,426,421,422
03/30/2016,422,424,408,415
03/31/2016,415,416,409,413
04/01/2016,413,417,412,416
04/04/2016,420,420,417,418
04/05/2016,418,420,417,419
04/06/2016,419,423,419,422
04/07/2016,422,423,421,422
04/08/2016,422,422,419,419
04/11/2016,418,422,418,421
04/12/2016,421,423,419,422
04/13/2016,426,427,425,426
04/14/2016,426,427,423,425
04/15/2016,425,426,423,430
04/18/2016,431,432,426,428
04/19/2016,428,430,427,428
04/20/2016,428,432,428,432
04/21/2016,432,444,431,442
04/22/2016,442,452,441,449
04/25/2016,450,461,449,459
04/26/2016,458,468,456,468
04/27/2016,468,470,462,468
04/28/2016,468,469,448,450
04/29/2016,450,451,435,455
05/02/2016,451,454,448,453
05/03/2016,453,453,440,445
05/04/2016,445,451,442,451
05/05/2016,451,451,445,447
05/06/2016,447,449,446,462
05/09/2016,460,460,456,459
05/10/2016,459,464,457,460
05/11/2016,460,463,448,452
05/12/2016,452,455,450,452
05/13/2016,452,453,448,456
05/16/2016,456,459,455,458
05/17/2016,458,459,451,454
05/18/2016,454,455,452,453
05/19/2016,453,456,452,455
05/20/2016,455,455,442,442
05/23/2016,443,444,438,440
05/24/2016,440,443,438,443
05/25/2016,443,446,443,446
05/26/2016,446,450,445,449
05/27/2016,449,454,447,472
05/30/2016,515,546,508,526
05/31/2016,526,542,512,532
06/01/2016,532,547,520,527
06/02/2016,527,544,526,536
06/03/2016,536,541,533,576
06/06/2016,574,583,568,573
06/07/2016,573,587,572,584
06/08/2016,583,591,565,576
06/09/2016,576,582,573,582
06/10/2016,582,584,572,579
06/13/2016,585,677,585,672
06/14/2016,672,720,663,703
06/15/2016,703,707,662,689
06/16/2016,689,697,673,692
06/17/2016,692,773,692,758
06/20/2016,752,765,743,764
06/21/2016,764,766,726,737
06/22/2016,737,739,632,656
06/23/2016,654,678,610,621
06/24/2016,621,634,552,652
06/27/2016,663,671,616,631
06/28/2016,631,652,620,646
06/29/2016,646,661,637,649
06/30/2016,649,652,625,637
07/01/2016,637,674,634,677
07/04/2016,702,704,649,661
07/05/2016,661,682,647,678
07/06/2016,679,682,662,670
07/07/2016,670,680,666,676
07/08/2016,676,680,611,661
07/11/2016,652,656,640,649
07/12/2016,649,660,645,649
07/13/2016,649,674,647,671
07/14/2016,671,675,659,661
07/15/2016,661,664,651,668
07/18/2016,664,681,663,679
07/19/2016,679,682,667,674
07/20/2016,674,675,667,670
07/21/2016,670,675,663,665
07/22/2016,665,667,660,656
07/25/2016,656,664,652,661
07/26/2016,661,662,653,657
07/27/2016,657,657,645,655
07/28/2016,655,660,648,656
07/29/2016,656,659,654,658
08/01/2016,655,655,630,632
08/02/2016,632,634,612,617
08/03/2016,617,617,555,556
08/04/2016,556,570,485,566
08/05/2016,566,583,561,575
08/08/2016,585,597,584,591
08/09/2016,591,594,587,592
08/10/2016,592,592,584,585
08/11/2016,585,600,583,595
08/12/2016,595,597,588,586
08/15/2016,585,585,564,570
08/16/2016,570,574,560,568
08/17/2016,568,581,565,578
08/18/2016,578,580,568,572
08/19/2016,572,576,571,574
08/22/2016,581,584,579,579
08/23/2016,579,586,578,585
08/24/2016,585,587,578,581
08/25/2016,581,582,577,578
08/26/2016,578,579,573,578
08/29/2016,569,572,568,572
08/30/2016,572,575,571,573
08/31/2016,572,577,571,577
09/01/2016,577,577,571,572
09/02/2016,572,573,569,574
09/05/2016,599,612,596,606
09/06/2016,606,610,600,607
09/07/2016,607,611,604,610
09/08/2016,610,615,607,614
09/09/2016,614,629,613,621
09/12/2016,624,629,595,604
09/13/2016,604,607,603,606
09/14/2016,606,609,605,608
09/15/2016,608,610,605,609
09/16/2016,609,609,605,606
09/19/2016,605,609,605,609
09/20/2016,609,610,606,608
09/21/2016,608,609,606,608
09/22/2016,608,608,591,595
09/23/2016,595,597,595,602
09/26/2016,602,602,598,599
09/27/2016,599,607,598,606
09/28/2016,606,608,601,603
09/29/2016,603,605,602,604
09/30/2016,604,606,602,606
10/03/2016,613,614,608,610
10/04/2016,610,613,610,612
10/05/2016,612,612,608,608
10/06/2016,608,613,608,612
10/07/2016,612,612,610,616
10/10/2016,616,617,614,614
10/11/2016,615,617,614,616
10/12/2016,616,640,616,638
10/13/2016,638,641,634,635
10/14/2016,635,638,634,638
10/17/2016,636,641,636,641
10/18/2016,640,641,636,637
10/19/2016,637,638,633,634
10/20/2016,634,636,625,627
10/21/2016,628,630,626,630
10/24/2016,651,655,648,649
10/25/2016,649,650,645,648
10/26/2016,648,655,648,654
10/27/2016,654,677,647,672
10/28/2016,672,685,668,687
10/31/2016,714,716,692,700
11/01/2016,700,707,682,703
11/02/2016,703,736,697,731
11/03/2016,732,732,720,730
11/04/2016,730,745,678,698
11/07/2016,709,714,700,706
11/08/2016,707,714,702,711
11/09/2016,711,739,708,718
11/10/2016,718,722,708,710
11/11/2016,710,718,710,715
11/14/2016,703,707,699,707
11/15/2016,707,716,705,712
11/16/2016,712,745,710,741
11/17/2016,741,752,737,739
11/18/2016,739,751,732,745
11/21/2016,725,739,725,736
11/22/2016,737,751,732,748
11/23/2016,748,749,732,739
11/24/2016,739,744,728,735
11/25/2016,735,737,728,737
11/28/2016,732,734,728,732
11/29/2016,732,734,729,733
11/30/2016,733,744,731,743
12/01/2016,743,755,742,753
12/02/2016,753,778,753,772
12/05/2016,764,767,746,753
12/06/2016,753,760,751,757
12/07/2016,757,768,752,766
12/08/2016,765,771,761,770
12/09/2016,770,772,766,771
12/12/2016,768,779,768,778
12/13/2016,778,788,767,779
12/14/2016,779,780,771,778
12/15/2016,778,778,775,777
12/16/2016,777,781,773,780
12/19/2016,788,792,788,790
12/20/2016,790,793,788,793
12/21/2016,793,830,792,825
12/22/2016,825,874,824,861
12/23/2016,861,912,858,903
12/26/2016,891,910,887,902
12/27/2016,902,938,898,932
12/28/2016,932,973,928,966
12/29/2016,967,983,950,965
12/30/2016,965,972,929,954
01/02/2017,1.003,1.034,996,1.016
01/03/2017,1.016,1.030,1.013,1.025
01/04/2017,1.025,1.141,1.024,1.091
01/05/2017,1.092,1.153,887,970
01/06/2017,973,1.029,867,892
01/09/2017,911,915,878,898
01/10/2017,898,914,895,908
01/11/2017,908,920,752,779
01/12/2017,779,825,747,823
01/13/2017,823,830,774,828
01/16/2017,817,835,816,830
01/17/2017,829,906,827,897
01/18/2017,897,915,849,871
01/19/2017,871,905,871,904
01/20/2017,904,905,882,895
01/23/2017,920,927,913,921
01/24/2017,921,924,891,898
01/25/2017,898,903,885,895
01/26/2017,894,919,893,914
01/27/2017,914,922,909,920
01/30/2017,916,922,913,921
01/31/2017,921,963,920,959
02/01/2017,959,978,959,977
02/02/2017,977,1.010,977,1.010
02/03/2017,1.010,1.024,996,1.013
02/06/2017,1.014,1.030,1.012,1.026
02/07/2017,1.026,1.055,1.024,1.052
02/08/2017,1.052,1.070,1.018,1.060
02/09/2017,1.059,1.078,942,972
02/10/2017,972,1.001,954,995
02/13/2017,1.000,1.007,976,998
02/14/2017,999,1.016,987,1.008
02/15/2017,1.008,1.011,1.001,1.010
02/16/2017,1.010,1.040,1.009,1.036
02/17/2017,1.036,1.058,1.028,1.056
02/20/2017,1.053,1.063,1.046,1.059
02/21/2017,1.059,1.116,1.059,1.115
02/22/2017,1.115,1.133,1.102,1.125
02/23/2017,1.125,1.164,1.119,1.161
02/24/2017,1.161,1.207,1.101,1.175
02/27/2017,1.177,1.197,1.173,1.193
02/28/2017,1.193,1.210,1.177,1.196
03/01/2017,1.196,1.229,1.187,1.224
03/02/2017,1.224,1.284,1.216,1.261
03/03/2017,1.261,1.293,1.252,1.281
03/06/2017,1.275,1.285,1.269,1.277
03/07/2017,1.277,1.282,1.188,1.244
03/08/2017,1.244,1.244,1.156,1.165
03/09/2017,1.165,1.209,1.135,1.201
03/10/2017,1.201,1.315,1.023,1.103
03/13/2017,1.171,1.238,1.170,1.229
03/14/2017,1.230,1.247,1.216,1.243
03/15/2017,1.243,1.258,1.227,1.248
03/16/2017,1.248,1.258,1.242,1.253
03/17/2017,1.253,1.261,1.132,1.110
03/20/2017,982,1.059,946,1.042
03/21/2017,1.042,1.052,1.011,1.043
03/22/2017,1.043,1.118,1.035,1.108
03/23/2017,1.108,1.119,991,1.017
03/24/2017,1.017,1.053,1.011,952
03/27/2017,955,999,947,951
03/28/2017,951,1.033,950,1.033
03/29/2017,1.033,1.065,1.017,1.035
03/30/2017,1.035,1.057,1.010,1.044
03/31/2017,1.044,1.052,1.023,1.068
04/03/2017,1.079,1.111,1.078,1.100
04/04/2017,1.100,1.155,1.097,1.154
04/05/2017,1.154,1.161,1.126,1.139
04/06/2017,1.139,1.146,1.113,1.127
04/07/2017,1.127,1.203,1.122,1.201
04/10/2017,1.181,1.218,1.178,1.211
04/11/2017,1.211,1.219,1.203,1.205
04/12/2017,1.205,1.232,1.204,1.229
04/13/2017,1.229,1.230,1.215,1.217
04/14/2017,1.217,1.222,1.155,1.186
04/17/2017,1.191,1.191,1.178,1.188
04/18/2017,1.188,1.207,1.182,1.201
04/19/2017,1.201,1.222,1.200,1.216
04/20/2017,1.216,1.225,1.209,1.222
04/21/2017,1.221,1.263,1.220,1.255
04/24/2017,1.251,1.253,1.231,1.245
04/25/2017,1.245,1.250,1.238,1.249
04/26/2017,1.249,1.271,1.248,1.263
04/27/2017,1.263,1.307,1.262,1.290
04/28/2017,1.290,1.336,1.283,1.291
05/01/2017,1.333,1.349,1.309,1.345
05/02/2017,1.345,1.427,1.343,1.421
05/03/2017,1.421,1.467,1.397,1.425
05/04/2017,1.425,1.495,1.424,1.477
05/05/2017,1.477,1.595,1.443,1.504
05/08/2017,1.544,1.558,1.526,1.543
05/09/2017,1.543,1.623,1.543,1.613
05/10/2017,1.612,1.754,1.609,1.701
05/11/2017,1.701,1.764,1.690,1.743
05/12/2017,1.743,1.839,1.732,1.666
05/15/2017,1.751,1.794,1.740,1.768
05/16/2017,1.751,1.794,1.740,1.699
05/17/2017,1.699,1.737,1.657,1.712
05/18/2017,1.714,1.824,1.688,1.782
05/19/2017,1.782,1.880,1.780,1.938
05/22/2017,2.042,2.093,2.001,2.035
05/23/2017,2.036,2.289,2.034,2.175
05/24/2017,2.175,2.291,2.062,2.277
05/25/2017,2.276,2.537,2.273,2.503
05/26/2017,2.503,2.792,2.352,2.317
05/29/2017,2.054,2.321,2.049,2.189
05/30/2017,2.189,2.340,2.136,2.326
05/31/2017,2.326,2.337,2.219,2.224
06/01/2017,2.224,2.351,2.153,2.308
06/02/2017,2.307,2.490,2.303,2.470
06/05/2017,2.559,2.578,2.494,2.534
06/06/2017,2.534,2.713,2.526,2.682
06/07/2017,2.682,2.967,2.681,2.908
06/08/2017,2.909,2.926,2.688,2.688
06/09/2017,2.688,2.817,2.625,2.843
06/12/2017,2.868,3.012,2.862,2.996
06/13/2017,2.996,3.041,2.543,2.699
06/14/2017,2.699,2.803,2.637,2.731
06/15/2017,2.732,2.829,2.479,2.499
06/16/2017,2.505,2.554,2.191,2.527
06/19/2017,2.680,2.707,2.522,2.553
06/20/2017,2.552,2.637,2.535,2.622
06/21/2017,2.623,2.821,2.623,2.803
06/22/2017,2.803,2.829,2.678,2.698
06/23/2017,2.698,2.768,2.644,2.764
06/26/2017,2.637,2.697,2.540,2.570
06/27/2017,2.570,2.633,2.391,2.480
06/28/2017,2.480,2.529,2.334,2.476
06/29/2017,2.476,2.619,2.475,2.618
06/30/2017,2.618,2.621,2.531,2.547
07/03/2017,2.458,2.532,2.396,2.532
07/04/2017,2.532,2.620,2.504,2.603
07/05/2017,2.603,2.660,2.581,2.608
07/06/2017,2.608,2.643,2.561,2.633
07/07/2017,2.634,2.649,2.593,2.534
07/10/2017,2.557,2.591,2.545,2.551
07/11/2017,2.554,2.554,2.368,2.373
07/12/2017,2.377,2.428,2.293,2.358
07/13/2017,2.361,2.432,2.272,2.408
07/14/2017,2.408,2.449,2.337,2.178
07/17/2017,2.046,2.072,1.837,1.926
07/18/2017,1.924,2.199,1.915,2.181
07/19/2017,2.178,2.407,2.175,2.375
07/20/2017,2.375,2.413,2.258,2.296
07/21/2017,2.296,2.784,2.281,2.652
07/24/2017,2.842,2.860,2.671,2.784
07/25/2017,2.784,2.814,2.721,2.771
07/26/2017,2.770,2.800,2.485,2.596
07/27/2017,2.596,2.633,2.434,2.483
07/28/2017,2.483,2.681,2.479,2.774
07/31/2017,2.728,2.753,2.616,2.738
08/01/2017,2.738,2.902,2.707,2.873
08/02/2017,2.873,2.925,2.670,2.725
08/03/2017,2.725,2.766,2.681,2.693
08/04/2017,2.695,2.823,2.688,2.861
08/07/2017,3.273,3.330,3.190,3.296
08/08/2017,3.296,3.452,3.223,3.400
08/09/2017,3.402,3.525,3.376,3.459
08/10/2017,3.462,3.490,3.280,3.387
08/11/2017,3.387,3.474,3.338,3.610
08/14/2017,3.859,4.225,3.853,4.161
08/15/2017,4.157,4.352,4.032,4.352
08/16/2017,4.352,4.484,3.893,4.174
08/17/2017,4.174,4.411,3.985,4.378
08/18/2017,4.378,4.522,4.236,4.056
08/21/2017,4.183,4.235,4.106,4.175
08/22/2017,4.175,4.193,4.033,4.090
08/23/2017,4.090,4.198,3.687,4.153
08/24/2017,4.152,4.300,4.097,4.143
08/25/2017,4.147,4.299,4.137,4.377
08/28/2017,4.379,4.439,4.364,4.396
08/29/2017,4.395,4.433,4.239,4.427
08/30/2017,4.430,4.703,4.400,4.671
08/31/2017,4.671,4.708,4.546,4.633
09/01/2017,4.633,4.803,4.624,4.889
09/04/2017,4.541,4.749,4.482,4.632
09/05/2017,4.632,4.646,4.168,4.416
09/06/2017,4.416,4.482,4.037,4.416
09/07/2017,4.416,4.666,4.416,4.614
09/08/2017,4.613,4.692,4.507,4.186
09/09/2017,4.633,4.699,4.152,4.187
09/10/2017,4.187,4.395,4.162,4.258
09/11/2017,4.258,4.315,3.976,4.211
09/12/2017,4.208,4.335,4.108,4.187
09/13/2017,4.187,4.368,4.067,4.182
09/14/2017,4.182,4.182,3.766,3.917
09/15/2017,3.917,3.960,3.278,3.704
09/16/2017,3.301,3.750,2.951,3.750
09/17/2017,3.752,3.875,3.552,3.682
09/18/2017,3.680,3.784,3.485,3.711
09/19/2017,3.711,4.064,3.671,4.040
09/20/2017,4.040,4.080,3.847,3.902
09/21/2017,3.904,4.021,3.826,3.933
09/22/2017,3.931,3.949,3.585,3.628
09/23/2017,3.652,3.749,3.519,3.620
09/24/2017,3.620,3.811,3.573,3.739
09/25/2017,3.739,3.778,3.628,3.664
09/26/2017,3.664,3.970,3.662,3.951
09/27/2017,3.958,3.969,3.865,3.918
09/28/2017,3.916,4.194,3.891,4.194
09/29/2017,4.194,4.279,4.135,4.177
09/30/2017,4.184,4.227,4.027,4.181
10/01/2017,4.181,4.358,4.150,4.330
10/02/2017,4.326,4.367,4.261,4.344
10/03/2017,4.345,4.462,4.345,4.387
10/04/2017,4.387,4.429,4.246,4.286
10/05/2017,4.286,4.345,4.190,4.217
10/06/2017,4.330,4.417,4.303,4.350
10/07/2017,4.349,4.387,4.330,4.351
10/08/2017,4.351,4.606,4.348,4.583
10/09/2017,4.583,4.870,4.554,4.807
10/10/2017,4.807,4.909,4.189,4.830
10/11/2017,4.830,4.883,4.726,4.810
10/12/2017,4.809,5.386,4.802,5.288
10/13/2017,5.294,5.856,5.291,5.556
10/14/2017,5.584,5.754,5.536,5.723
10/15/2017,5.723,5.845,5.440,5.558
10/16/2017,5.564,5.751,5.564,5.707
10/17/2017,5.706,5.790,5.520,5.577
10/18/2017,5.577,5.603,5.110,5.501
10/19/2017,5.501,5.735,5.501,5.715
10/20/2017,5.715,6.064,5.611,5.954
10/21/2017,5.961,6.184,5.887,6.053
10/22/2017,6.054,6.080,5.733,5.902
10/23/2017,5.902,6.050,5.654,5.888
10/24/2017,5.888,5.916,5.470,5.470
10/25/2017,5.470,5.709,5.375,5.678
10/26/2017,5.678,5.978,5.640,5.825
10/27/2017,5.826,5.996,5.692,5.758
10/28/2017,5.748,5.876,5.667,5.729
10/29/2017,5.729,6.307,5.690,6.193
10/30/2017,6.193,6.218,6.027,6.087
10/31/2017,6.087,6.415,6.086,6.393
11/01/2017,6.397,6.629,6.358,6.588
11/02/2017,6.584,7.355,6.581,7.084
11/03/2017,7.084,7.454,6.942,7.204
11/04/2017,7.146,7.504,6.995,7.457
11/05/2017,7.457,7.602,7.298,7.361
11/06/2017,7.360,7.433,6.949,7.124
11/07/2017,7.127,7.222,6.932,7.074
11/08/2017,7.074,7.879,7.043,7.259
11/09/2017,7.259,7.491,7.058,7.116
11/10/2017,7.118,7.330,6.423,6.673
11/11/2017,6.585,6.828,6.199,6.472
11/12/2017,6.472,6.472,5.507,5.907
11/13/2017,5.908,6.770,5.621,6.492
11/14/2017,6.492,6.728,6.425,6.594
11/15/2017,6.594,7.337,6.542,7.292
11/16/2017,7.292,7.895,7.122,7.892
11/17/2017,7.893,7.998,7.536,7.719
11/18/2017,7.697,7.849,7.460,7.830
11/19/2017,7.830,8.102,7.678,8.030
11/20/2017,8.030,8.264,7.941,8.250
11/21/2017,8.255,8.362,7.819,8.144
11/22/2017,8.142,8.294,7.979,8.202
11/23/2017,8.202,8.280,8.094,8.169
11/24/2017,8.169,8.333,7.893,8.260
11/25/2017,8.257,8.725,8.157,8.703
11/26/2017,8.703,9.485,8.679,9.351
11/27/2017,9.356,9.733,9.283,9.650
11/28/2017,9.650,9.969,9.602,9.946
11/29/2017,9.946,11.377,9.290,10.173
11/30/2017,10.173,10.682,9.022,9.715
12/01/2017,9.718,10.934,9.421,10.858
12/02/2017,10.891,11.156,10.701,11.016
12/03/2017,11.016,11.832,10.705,10.911
12/04/2017,10.936,11.560,10.496,11.468
12/05/2017,11.468,11.860,11.450,11.770
12/06/2017,11.770,13.243,11.663,13.243
12/07/2017,13.251,16.569,13.251,16.097
12/08/2017,16.091,17.154,13.964,16.050
12/09/2017,15.828,16.292,13.315,14.654
12/10/2017,14.632,15.635,13.153,14.601
12/11/2017,14.546,17.383,14.498,17.158
12/12/2017,17.158,17.615,16.259,17.262
12/13/2017,17.262,17.460,15.800,16.717
12/14/2017,16.717,17.023,16.123,16.496
12/15/2017,16.490,17.873,16.445,17.524
12/16/2017,17.576,19.302,17.353,19.283
12/17/2017,19.283,19.783,18.792,19.067
12/18/2017,19.067,19.501,18.094,18.712
12/19/2017,18.703,19.026,16.838,17.061
12/20/2017,17.043,17.823,15.578,16.273
12/21/2017,16.273,17.301,15.082,15.629
12/22/2017,15.629,15.830,10.835,14.265
12/23/2017,14.112,15.704,13.517,15.413
12/24/2017,15.414,15.479,12.508,13.182
12/25/2017,13.174,14.573,13.075,13.798
12/26/2017,13.802,16.079,13.680,15.886
12/27/2017,15.892,16.476,14.533,15.136
12/28/2017,15.136,15.470,13.499,13.931
12/29/2017,13.931,15.076,13.900,14.312
12/30/2017,14.292,14.660,12.183,12.996
12/31/2017,12.995,14.213,12.497,14.003
01/01/2018,13.996,14.035,12.860,13.535
01/02/2018,13.535,15.217,12.956,14.770
01/03/2018,14.770,15.394,14.589,15.057
01/04/2018,15.057,15.395,14.225,14.921
01/05/2018,14.921,16.909,14.817,16.828
01/06/2018,16.765,17.118,16.255,16.849
01/07/2018,16.849,17.212,15.770,16.183
01/08/2018,16.183,16.466,13.958,14.901
01/09/2018,14.915,15.360,14.170,14.548
01/10/2018,14.544,14.694,13.456,14.482
01/11/2018,14.482,14.943,12.846,13.445
01/12/2018,13.445,14.095,12.879,13.695
01/13/2018,13.744,14.537,13.599,14.167
01/14/2018,14.173,14.353,13.052,13.394
01/15/2018,13.378,14.308,13.378,13.919
01/16/2018,13.919,13.919,10.352,10.617
01/17/2018,10.617,11.751,9.200,11.378
01/18/2018,11.378,12.045,10.664,11.541
01/19/2018,11.551,11.955,10.989,11.296
01/20/2018,11.343,13.007,11.245,12.904
01/21/2018,12.904,12.947,11.096,11.348
01/22/2018,11.348,11.869,10.051,10.264
01/23/2018,10.264,11.358,9.972,10.984
01/24/2018,10.986,11.474,10.497,11.208
01/25/2018,11.213,11.711,10.889,11.246
01/26/2018,11.241,11.609,10.321,10.899
01/27/2018,10.899,11.574,10.773,11.554
01/28/2018,11.554,11.942,11.317,11.757
01/29/2018,11.762,11.765,11.008,11.223
01/30/2018,11.224,11.224,9.810,10.138
01/31/2018,10.125,10.334,9.628,9.999
02/01/2018,9.999,10.203,8.564,9.146
02/02/2018,9.146,9.164,7.695,8.524
02/03/2018,8.588,9.471,8.176,9.157
02/04/2018,9.159,9.363,7.860,8.095
02/05/2018,8.085,8.416,6.584,7.152
02/06/2018,7.152,7.957,5.947,7.755
02/07/2018,7.755,8.583,7.208,8.096
02/08/2018,8.096,8.621,7.548,8.208
02/09/2018,8.174,8.719,7.755,8.513
02/10/2018,8.548,9.071,8.165,8.269
02/11/2018,8.269,8.587,7.845,8.313
02/12/2018,8.313,8.903,8.030,8.830
02/13/2018,8.830,8.977,8.370,8.564
02/14/2018,8.553,9.368,8.483,9.283
02/15/2018,9.289,10.218,9.251,9.883
02/16/2018,9.883,10.293,9.719,10.058
02/17/2018,10.084,10.879,10.053,10.845
02/18/2018,10.845,11.279,10.156,10.763
02/19/2018,10.772,11.255,10.314,11.079
02/20/2018,11.079,11.746,11.056,11.712
02/21/2018,11.712,11.768,10.244,10.291
02/22/2018,10.291,10.914,9.731,9.899
02/23/2018,9.912,10.398,9.593,9.966
02/24/2018,9.916,10.510,9.381,9.499
02/25/2018,9.499,9.858,9.305,9.588
02/26/2018,9.588,10.443,9.386,10.366
02/27/2018,10.366,10.852,10.147,10.745
02/28/2018,10.745,11.044,10.384,10.558
03/01/2018,10.532,11.074,10.222,10.924
03/02/2018,10.931,11.166,10.784,11.034
03/03/2018,11.016,11.498,10.952,11.286
03/04/2018,11.286,11.475,11.068,11.397
03/05/2018,11.400,11.660,11.335,11.561
03/06/2018,11.560,11.603,10.585,10.793
03/07/2018,10.788,10.888,9.468,9.947
03/08/2018,9.943,10.109,9.076,9.341
03/09/2018,9.341,9.409,8.371,9.053
03/10/2018,9.022,9.505,8.787,8.838
03/11/2018,8.838,9.715,8.475,9.539
03/12/2018,9.531,9.885,8.778,9.104
03/13/2018,9.104,9.475,8.861,8.308
03/14/2018,9.101,9.313,7.955,8.019
03/15/2018,8.019,8.413,7.677,8.508
03/16/2018,8.303,8.600,7.924,8.504
03/17/2018,8.502,8.522,7.756,7.951
03/18/2018,7.950,8.381,7.336,8.381
03/19/2018,8.271,8.994,8.068,8.994
03/20/2018,8.381,9.035,8.324,8.920
03/21/2018,8.994,9.160,8.613,8.613
03/22/2018,8.920,9.085,8.495,8.626
03/23/2018,8.613,8.766,8.296,8.655
03/24/2018,8.655,9.000,8.633,8.679
03/25/2018,8.679,8.701,8.381,8.620
03/26/2018,8.622,8.646,7.863,7.885
03/27/2018,7.885,8.252,7.751,7.997
03/28/2018,7.998,8.096,7.745,7.871
03/29/2018,7.871,8.000,6.916,6.846
03/30/2018,7.069,7.324,6.594,6.912
03/31/2018,6.912,7.214,6.760,6.926
04/01/2018,6.926,7.035,6.443,6.829
04/02/2018,6.892,7.108,6.760,6.920
04/03/2018,6.979,7.507,6.978,7.411
04/04/2018,7.405,7.438,6.731,6.847
04/05/2018,6.847,6.919,6.584,6.749
04/06/2018,6.749,6.850,6.513,6.602
04/07/2018,6.603,7.050,6.538,7.006
04/08/2018,7.002,7.095,6.860,6.956
04/09/2018,6.953,7.171,6.617,6.665
04/10/2018,6.665,6.860,6.660,6.840
04/11/2018,6.840,6.959,6.787,6.889
04/12/2018,6.890,8.055,6.766,7.727
04/13/2018,7.730,8.219,7.711,7.893
04/14/2018,7.902,8.175,7.813,8.072
04/15/2018,8.072,8.389,7.967,8.287
04/16/2018,8.287,8.408,7.909,7.990
04/17/2018,7.990,8.151,7.834,7.913
04/18/2018,7.915,8.212,7.867,8.188
04/19/2018,8.188,8.294,8.105,8.234
04/20/2018,8.234,8.555,8.221,8.522
04/21/2018,8.522,9.021,8.512,8.773
04/22/2018,8.773,9.010,8.754,8.887
04/23/2018,8.894,8.987,8.762,8.930
04/24/2018,8.932,9.459,8.914,9.451
04/25/2018,9.451,9.747,8.734,9.074
04/26/2018,9.074,9.172,8.661,9.108
04/27/2018,9.108,9.372,8.964,8.973
04/28/2018,8.976,9.419,8.874,9.365
04/29/2018,9.365,9.537,9.183,9.294
04/30/2018,9.293,9.443,9.125,9.275
05/01/2018,9.275,9.282,8.842,9.013
05/02/2018,9.013,9.182,8.984,9.168
05/03/2018,9.181,9.726,9.162,9.658
05/04/2018,9.656,9.791,9.540,9.689
05/05/2018,9.689,9.955,9.676,9.743
05/06/2018,9.743,9.910,9.409,9.540
05/07/2018,9.518,9.635,9.189,9.434
05/08/2018,9.434,9.455,9.050,9.158
05/09/2018,9.158,9.360,8.976,9.253
05/10/2018,9.252,9.383,9.054,9.094
05/11/2018,9.094,9.127,8.389,8.436
05/12/2018,8.436,8.643,8.221,8.436
05/13/2018,8.436,8.734,8.343,8.711
05/14/2018,8.715,8.879,8.296,8.842
05/15/2018,8.816,8.844,8.435,8.529
05/16/2018,8.524,8.539,8.110,8.294
05/17/2018,8.294,8.459,8.133,8.206
05/18/2018,8.206,8.274,7.931,8.225
05/19/2018,8.227,8.393,8.154,8.275
05/20/2018,8.266,8.583,8.172,8.555
05/21/2018,8.554,8.566,8.325,8.409
05/22/2018,8.409,8.417,8.093,8.106
05/23/2018,8.106,8.108,7.443,7.581
05/24/2018,7.588,7.722,7.273,7.555
05/25/2018,7.549,7.650,7.345,7.448
05/26/2018,7.448,7.612,7.363,7.526
05/27/2018,7.526,7.607,7.227,7.313
05/28/2018,7.313,7.431,7.177,7.220
05/29/2018,7.218,7.519,7.054,7.499
05/30/2018,7.499,7.552,7.286,7.338
05/31/2018,7.338,7.599,7.324,7.539
06/01/2018,7.539,7.600,7.355,7.438
06/02/2018,7.438,7.683,7.437,7.616
06/03/2018,7.616,7.769,7.598,7.727
06/04/2018,7.727,7.755,7.457,7.524
06/05/2018,7.524,7.648,7.373,7.627
06/06/2018,7.627,7.670,7.495,7.622
06/07/2018,7.622,7.750,7.616,7.660
06/08/2018,7.660,7.694,7.545,7.646
06/09/2018,7.646,7.679,7.576,7.632
06/10/2018,7.631,7.631,6.647,6.719
06/11/2018,6.719,6.816,6.652,6.762
06/12/2018,6.762,6.899,6.456,6.529
06/13/2018,6.529,6.610,6.133,6.252
06/14/2018,6.259,6.700,6.241,6.659
06/15/2018,6.656,6.683,6.452,6.498
06/16/2018,6.498,6.540,6.334,6.525
06/17/2018,6.525,6.569,6.449,6.490
06/18/2018,6.490,6.793,6.388,6.727
06/19/2018,6.727,6.825,6.675,6.695
06/20/2018,6.696,6.809,6.562,6.750
06/21/2018,6.750,6.786,6.685,6.718
06/22/2018,6.718,6.742,6.022,6.073
06/23/2018,6.073,6.174,5.938,6.134
06/24/2018,6.135,6.252,5.785,6.188
06/25/2018,6.188,6.317,6.086,6.250
06/26/2018,6.250,6.271,6.137,6.183
06/27/2018,6.183,6.246,6.007,6.127
06/28/2018,6.127,6.176,6.033,6.042
06/29/2018,6.043,6.046,5.800,5.902
06/30/2018,5.897,6.503,5.897,6.350
07/01/2018,6.350,6.427,6.262,6.359
07/02/2018,6.359,6.665,6.279,6.620
07/03/2018,6.620,6.668,6.538,6.608
07/04/2018,6.607,6.784,6.420,6.687
07/05/2018,6.687,6.692,6.454,6.508
07/06/2018,6.508,6.623,6.455,6.569
07/07/2018,6.569,6.618,6.514,6.527
07/08/2018,6.527,6.811,6.521,6.749
07/09/2018,6.747,6.753,6.673,6.697
07/10/2018,6.697,6.792,6.324,6.388
07/11/2018,6.388,6.401,6.289,6.356
07/12/2018,6.356,6.382,6.148,6.173
07/13/2018,6.173,6.331,6.088,6.186
07/14/2018,6.186,6.306,6.184,6.274
07/15/2018,6.273,6.384,6.234,6.373
07/16/2018,6.374,6.698,6.332,6.663
07/17/2018,6.663,7.440,6.647,7.311
07/18/2018,7.311,7.575,7.245,7.336
07/19/2018,7.336,7.506,7.285,7.421
07/20/2018,7.421,7.657,7.273,7.352
07/21/2018,7.351,7.442,7.217,7.416
07/22/2018,7.416,7.544,7.351,7.520
07/23/2018,7.520,7.785,7.344,7.703
07/24/2018,7.703,8.343,7.694,8.227
07/25/2018,8.227,8.479,8.062,8.183
07/26/2018,8.181,8.317,8.113,8.134
07/27/2018,8.138,8.270,7.799,8.229
07/28/2018,8.228,8.267,8.074,8.169
07/29/2018,8.169,8.283,8.124,8.192
07/30/2018,8.192,8.271,7.860,8.151
07/31/2018,8.152,8.195,7.672,7.692
08/01/2018,7.693,7.769,7.469,7.484
08/02/2018,7.483,7.701,7.444,7.556
08/03/2018,7.556,7.565,7.290,7.389
08/04/2018,7.389,7.485,6.933,6.982
08/05/2018,6.982,7.082,6.894,7.037
08/06/2018,7.049,7.146,6.885,6.920
08/07/2018,6.920,7.149,6.845,6.874
08/08/2018,6.874,6.879,6.133,6.316
08/09/2018,6.316,6.536,6.204,6.508
08/10/2018,6.508,6.622,6.152,6.186
08/11/2018,6.191,6.462,6.009,6.399
08/12/2018,6.418,6.465,6.178,6.339
08/13/2018,6.339,6.535,6.165,6.277
08/14/2018,6.277,6.283,5.900,6.081
08/15/2018,6.081,6.613,6.073,6.373
08/16/2018,6.377,6.471,6.223,6.254
08/17/2018,6.256,6.551,6.234,6.476
08/18/2018,6.476,6.610,6.310,6.359
08/19/2018,6.359,6.534,6.317,6.519
08/20/2018,6.519,6.543,6.393,6.452
08/21/2018,6.454,6.480,6.239,6.447
08/22/2018,6.452,6.859,6.317,6.334
08/23/2018,6.334,6.482,6.257,6.419
08/24/2018,6.419,6.643,6.419,6.612
08/25/2018,6.612,6.934,6.611,6.720
08/26/2018,6.719,6.774,6.579,6.677
08/27/2018,6.678,6.750,6.658,6.721
08/28/2018,6.721,7.125,6.715,7.082
08/29/2018,7.082,7.120,6.922,7.039
08/30/2018,7.039,7.064,6.801,6.911
08/31/2018,6.913,7.084,6.899,7.044
09/01/2018,7.043,7.260,7.003,7.195
09/02/2018,7.195,7.328,7.137,7.282
09/03/2018,7.282,7.325,7.198,7.299
09/04/2018,7.299,7.404,7.237,7.363
09/05/2018,7.363,7.387,6.866,6.948
09/06/2018,6.952,6.981,6.279,6.444
09/07/2018,6.444,6.531,6.330,6.445
09/08/2018,6.447,6.466,6.120,6.173
09/09/2018,6.173,6.438,6.157,6.387
09/10/2018,6.387,6.390,6.216,6.300
09/11/2018,6.302,6.391,6.190,6.254
09/12/2018,6.253,6.332,6.204,6.308
09/13/2018,6.308,6.524,6.298,6.467
09/14/2018,6.467,6.580,6.415,6.537
09/15/2018,6.537,6.567,6.353,6.532
09/16/2018,6.532,6.532,6.383,6.501
09/17/2018,6.501,6.529,6.211,6.221
09/18/2018,6.219,6.382,6.216,6.316
09/19/2018,6.318,6.494,6.117,6.425
09/20/2018,6.425,6.450,6.352,6.373
09/21/2018,6.378,6.777,6.362,6.717
09/22/2018,6.717,6.824,6.631,6.717
09/23/2018,6.717,6.768,6.664,6.677
09/24/2018,6.677,6.719,6.576,6.628
09/25/2018,6.625,6.630,6.334,6.392
09/26/2018,6.387,6.540,6.373,6.501
09/27/2018,6.501,6.731,6.432,6.696
09/28/2018,6.696,6.794,6.536,6.646
09/29/2018,6.646,6.652,6.467,6.580
09/30/2018,6.581,6.639,6.528,6.562
10/01/2018,6.564,6.643,6.501,6.556
10/02/2018,6.556,6.600,6.468,6.532
10/03/2018,6.532,6.545,6.410,6.448
10/04/2018,6.448,6.595,6.423,6.556
10/05/2018,6.556,6.589,6.525,6.551
10/06/2018,6.551,6.654,6.542,6.562
10/07/2018,6.563,6.569,6.506,6.543
10/08/2018,6.543,6.672,6.541,6.640
10/09/2018,6.640,6.642,6.567,6.596
10/10/2018,6.596,6.614,6.464,6.559
10/11/2018,6.559,6.559,6.126,6.226
10/12/2018,6.228,6.264,6.142,6.241
10/13/2018,6.241,6.246,6.203,6.221
10/14/2018,6.221,6.303,6.221,6.251
10/15/2018,6.251,6.961,6.189,6.469
10/16/2018,6.469,6.591,6.452,6.522
10/17/2018,6.521,6.558,6.477,6.509
10/18/2018,6.509,6.553,6.428,6.446
10/19/2018,6.446,6.467,6.409,6.417
10/20/2018,6.417,6.466,6.404,6.448
10/21/2018,6.448,6.502,6.443,6.483
10/22/2018,6.483,6.483,6.416,6.455
10/23/2018,6.454,6.458,6.404,6.434
10/24/2018,6.434,6.500,6.429,6.462
10/25/2018,6.462,6.465,6.414,6.437
10/26/2018,6.436,6.484,6.416,6.437
10/27/2018,6.437,6.454,6.412,6.424
10/28/2018,6.425,6.436,6.402,6.414
10/29/2018,6.414,6.437,6.244,6.265
10/30/2018,6.265,6.312,6.257,6.281
10/31/2018,6.282,6.359,6.216,6.319
11/01/2018,6.319,6.354,6.311,6.351
11/02/2018,6.351,6.396,6.348,6.371
11/03/2018,6.371,6.376,6.322,6.351
11/04/2018,6.351,6.473,6.328,6.431
11/05/2018,6.431,6.455,6.389,6.417
11/06/2018,6.417,6.467,6.402,6.438
11/07/2018,6.438,6.555,6.438,6.520
11/08/2018,6.520,6.529,6.419,6.440
11/09/2018,6.440,6.446,6.332,6.351
11/10/2018,6.350,6.395,6.346,6.385
11/11/2018,6.385,6.386,6.301,6.342
11/12/2018,6.339,6.407,6.334,6.339
11/13/2018,6.339,6.357,6.293,6.330
11/14/2018,6.330,6.342,5.406,5.630
11/15/2018,5.630,5.711,5.263,5.508
11/16/2018,5.513,5.643,5.477,5.479
11/17/2018,5.484,5.566,5.455,5.518
11/18/2018,5.517,5.645,5.505,5.571
11/19/2018,5.571,5.583,4.733,4.820
11/20/2018,4.820,4.929,4.127,4.369
11/21/2018,4.385,4.663,4.249,4.487
11/22/2018,4.483,4.617,4.396,4.458
11/23/2018,4.457,4.472,4.135,4.292
11/24/2018,4.292,4.404,3.795,3.832
11/25/2018,3.832,4.130,3.522,4.088
11/26/2018,4.080,4.122,3.567,3.678
11/27/2018,3.694,3.820,3.606,3.802
11/28/2018,3.797,4.370,3.777,4.252
11/29/2018,4.252,4.414,4.116,4.207
11/30/2018,4.207,4.311,3.893,3.947
12/01/2018,3.942,4.274,3.911,4.196
12/02/2018,4.196,4.286,4.056,4.179
12/03/2018,4.174,4.180,3.778,3.892
12/04/2018,3.892,4.062,3.775,3.923
12/05/2018,3.923,3.942,3.698,3.748
12/06/2018,3.748,3.863,3.590,3.628
12/07/2018,3.628,3.654,3.236,3.396
12/08/2018,3.415,3.503,3.278,3.298
12/09/2018,3.304,3.672,3.285,3.567
12/10/2018,3.567,3.624,3.397,3.441
12/11/2018,3.441,3.467,3.330,3.403
12/12/2018,3.402,3.521,3.357,3.476
12/13/2018,3.476,3.477,3.261,3.287
12/14/2018,3.285,3.324,3.168,3.188
12/15/2018,3.188,3.266,3.156,3.236
12/16/2018,3.236,3.298,3.213,3.241
12/17/2018,3.240,3.613,3.220,3.539
12/18/2018,3.536,3.608,3.475,3.574
12/19/2018,3.575,3.960,3.563,3.704
12/20/2018,3.704,4.210,3.704,4.036
12/21/2018,4.036,4.190,3.822,3.893
12/22/2018,3.893,3.979,3.835,3.933
12/23/2018,3.932,4.103,3.885,3.999
12/24/2018,3.993,4.284,3.953,4.100
12/25/2018,4.100,4.111,3.728,3.827
12/26/2018,3.827,3.899,3.728,3.809
12/27/2018,3.812,3.877,3.613,3.631
12/28/2018,3.626,3.994,3.610,3.939
12/29/2018,3.938,3.981,3.864,3.963
12/30/2018,3.963,3.971,3.744,3.859
12/31/2018,3.859,3.888,3.697,3.721
01/01/2019,3.722,3.788,3.697,3.769
01/02/2019,3.767,3.943,3.757,3.931
01/03/2019,3.937,3.964,3.813,3.841
01/04/2019,3.840,3.895,3.774,3.878
01/05/2019,3.878,3.912,3.859,3.880
01/06/2019,3.880,4.072,3.810,4.072
01/07/2019,4.072,4.110,3.997,4.040
01/08/2019,4.041,4.136,4.004,4.034
01/09/2019,4.034,4.077,4.000,4.029
01/10/2019,4.029,4.067,3.616,3.665
01/11/2019,3.665,3.718,3.624,3.674
01/12/2019,3.674,3.676,3.608,3.655
01/13/2019,3.656,3.675,3.516,3.545
01/14/2019,3.545,3.732,3.526,3.693
01/15/2019,3.693,3.714,3.582,3.593
01/16/2019,3.593,3.688,3.593,3.623
01/17/2019,3.623,3.667,3.579,3.650
01/18/2019,3.650,3.673,3.605,3.634
01/19/2019,3.634,3.784,3.629,3.727
01/20/2019,3.728,3.731,3.506,3.555
01/21/2019,3.555,3.570,3.526,3.537
01/22/2019,3.537,3.625,3.447,3.595
01/23/2019,3.594,3.627,3.547,3.565
01/24/2019,3.565,3.617,3.549,3.596
01/25/2019,3.596,3.606,3.553,3.580
01/26/2019,3.580,3.669,3.572,3.583
01/27/2019,3.583,3.591,3.515,3.563
01/28/2019,3.563,3.563,3.402,3.442
01/29/2019,3.442,3.465,3.371,3.429
01/30/2019,3.428,3.488,3.400,3.463
01/31/2019,3.463,3.498,3.427,3.445
02/01/2019,3.445,3.484,3.407,3.481
02/02/2019,3.481,3.485,3.444,3.462
02/03/2019,3.462,3.509,3.414,3.421
02/04/2019,3.422,3.461,3.418,3.445
02/05/2019,3.445,3.458,3.424,3.450
02/06/2019,3.450,3.464,3.371,3.394
02/07/2019,3.394,3.406,3.380,3.384
02/08/2019,3.384,3.738,3.374,3.630
02/09/2019,3.628,3.671,3.622,3.653
02/10/2019,3.653,3.663,3.613,3.635
02/11/2019,3.635,3.685,3.615,3.623
02/12/2019,3.623,3.649,3.582,3.611
02/13/2019,3.612,3.663,3.592,3.601
02/14/2019,3.601,3.618,3.581,3.604
02/15/2019,3.604,3.644,3.582,3.599
02/16/2019,3.599,3.647,3.596,3.631
02/17/2019,3.631,3.697,3.596,3.628
02/18/2019,3.623,3.939,3.620,3.890
02/19/2019,3.889,4.006,3.870,3.918
02/20/2019,3.920,3.992,3.900,3.952
02/21/2019,3.951,4.027,3.908,3.935
02/22/2019,3.935,3.995,3.922,3.979
02/23/2019,3.979,4.184,3.949,4.142
02/24/2019,4.142,4.217,3.757,3.818
02/25/2019,3.819,3.894,3.763,3.844
02/26/2019,3.844,3.866,3.799,3.825
02/27/2019,3.825,3.860,3.704,3.781
02/28/2019,3.781,3.916,3.775,3.836
03/01/2019,3.836,3.878,3.819,3.866
03/02/2019,3.866,3.870,3.804,3.843
03/03/2019,3.843,3.854,3.810,3.824
03/04/2019,3.824,3.839,3.705,3.733
03/05/2019,3.733,3.901,3.716,3.869
03/06/2019,3.868,3.907,3.844,3.878
03/07/2019,3.879,3.923,3.869,3.906
03/08/2019,3.907,3.944,3.884,3.909
03/09/2019,3.903,3.978,3.806,3.925
03/10/2019,3.925,3.952,3.904,3.931
03/11/2019,3.931,3.944,3.854,3.880
03/12/2019,3.879,3.911,3.832,3.898
03/13/2019,3.898,3.905,3.861,3.885
03/14/2019,3.885,3.925,3.823,3.884
03/15/2019,3.884,3.941,3.881,3.934
03/16/2019,3.933,4.073,3.921,4.012
03/17/2019,4.013,4.024,3.972,4.010
03/18/2019,4.010,4.049,3.972,4.006
03/19/2019,4.006,4.046,3.986,4.027
03/20/2019,4.027,4.049,4.004,4.044
03/21/2019,4.044,4.084,3.956,3.997
03/22/2019,3.997,4.020,3.987,4.000
03/23/2019,4.000,4.025,3.985,3.997
03/24/2019,3.997,4.011,3.969,3.981
03/25/2019,3.981,4.001,3.889,3.908
03/26/2019,3.910,3.945,3.902,3.937
03/27/2019,3.936,4.054,3.933,4.033
03/28/2019,4.033,4.060,4.019,4.037
03/29/2019,4.037,4.129,4.034,4.103
03/30/2019,4.103,4.156,4.078,4.105
03/31/2019,4.105,4.128,4.103,4.119
04/01/2019,4.119,4.171,4.080,4.148
04/02/2019,4.148,5.062,4.147,4.815
04/03/2019,4.816,5.308,4.805,5.290
04/04/2019,5.290,5.331,4.801,4.863
04/05/2019,4.863,5.080,4.857,5.020
04/06/2019,5.020,5.248,4.993,5.089
04/07/2019,5.092,5.192,4.935,5.163
04/08/2019,5.163,5.341,5.144,5.265
04/09/2019,5.267,5.316,5.158,5.232
04/10/2019,5.232,5.466,5.176,5.306
04/11/2019,5.306,5.343,4.987,5.058
04/12/2019,5.059,5.115,4.933,5.052
04/13/2019,5.053,5.129,5.053,5.094
04/14/2019,5.094,5.120,5.037,5.102
04/15/2019,5.102,5.198,4.965,5.031
04/16/2019,5.031,5.232,5.016,5.195
04/17/2019,5.197,5.274,5.191,5.235
04/18/2019,5.234,5.320,5.219,5.314
04/19/2019,5.314,5.356,5.211,5.276
04/20/2019,5.276,5.370,5.263,5.326
04/21/2019,5.326,5.349,5.238,5.253
04/22/2019,5.253,5.437,5.247,5.381
04/23/2019,5.381,5.622,5.372,5.587
04/24/2019,5.587,5.632,5.390,5.449
04/25/2019,5.449,5.525,5.384,5.508
04/26/2019,5.508,5.512,5.034,5.189
04/27/2019,5.189,5.294,5.188,5.280
04/28/2019,5.281,5.320,5.226,5.238
04/29/2019,5.237,5.295,5.182,5.240
04/30/2019,5.240,5.389,5.209,5.351
05/01/2019,5.351,5.444,5.351,5.410
05/02/2019,5.409,5.539,5.394,5.520
05/03/2019,5.520,5.909,5.483,5.809
05/04/2019,5.810,5.925,5.643,5.786
05/05/2019,5.798,5.932,5.749,5.860
05/06/2019,5.860,5.880,5.684,5.809
05/07/2019,5.809,6.065,5.793,5.965
05/08/2019,5.959,6.015,5.788,5.989
05/09/2019,5.989,6.170,5.964,6.131
05/10/2019,6.132,6.455,6.131,6.325
05/11/2019,6.132,6.455,6.131,6.325
05/12/2019,7.185,7.535,6.805,7.163
05/13/2019,7.162,7.919,6.877,7.832
05/14/2019,7.844,8.278,7.638,7.709
05/15/2019,7.722,8.243,7.639,8.152
05/16/2019,8.152,8.354,7.747,7.749
05/17/2019,7.749,7.948,6.689,7.131
05/18/2019,7.129,7.491,7.129,7.293
05/19/2019,7.294,8.129,7.247,8.023
05/20/2019,8.025,8.283,7.591,7.984
05/21/2019,7.984,8.110,7.823,8.076
05/22/2019,8.076,8.102,7.712,7.834
05/23/2019,7.834,7.864,7.496,7.854
05/24/2019,7.869,8.170,7.800,8.106
05/25/2019,8.110,8.147,7.950,8.035
05/26/2019,8.035,8.762,7.891,8.622
05/27/2019,8.622,8.938,8.552,8.752
05/28/2019,8.756,8.849,8.579,8.701
05/29/2019,8.701,8.767,8.468,8.656
05/30/2019,8.655,9.090,8.413,8.455
05/31/2019,8.455,8.508,8.047,8.501
06/01/2019,8.501,8.621,8.458,8.539
06/02/2019,8.542,8.822,8.530,8.681
06/03/2019,8.687,8.751,8.340,8.550
06/04/2019,8.549,8.553,7.557,7.663
06/05/2019,7.663,7.914,7.470,7.747
06/06/2019,7.747,7.870,7.478,7.692
06/07/2019,7.692,8.124,7.688,7.920
06/08/2019,7.897,8.064,7.806,7.875
06/09/2019,7.875,7.966,7.620,7.721
06/10/2019,7.721,8.059,7.515,7.945
06/11/2019,7.945,8.052,7.735,7.924
06/12/2019,7.924,8.256,7.829,8.113
06/13/2019,8.119,8.287,8.076,8.267
06/14/2019,8.263,8.461,8.184,8.449
06/15/2019,8.449,8.889,8.449,8.800
06/16/2019,8.800,9.386,8.780,8.942
06/17/2019,8.944,9.403,8.937,9.287
06/18/2019,9.283,9.463,8.949,9.135
06/19/2019,9.132,9.214,8.962,9.174
06/20/2019,9.174,9.604,9.150,9.566
06/21/2019,9.566,9.941,9.491,9.941
06/22/2019,9.938,11.195,9.871,10.646
06/23/2019,10.642,11.122,10.401,11.081
06/24/2019,11.063,11.283,10.565,10.878
06/25/2019,10.878,11.482,10.868,11.380
06/26/2019,11.380,13.814,11.372,12.796
06/27/2019,12.740,13.297,10.333,10.680
06/28/2019,10.680,12.382,10.500,12.216
06/29/2019,12.205,12.426,11.386,12.162
06/30/2019,12.162,12.208,10.861,11.413
07/01/2019,11.413,11.425,10.018,10.495
07/02/2019,10.479,10.927,9.682,10.775
07/03/2019,10.730,11.570,10.638,11.380
07/04/2019,11.380,12.057,11.315,11.732
07/05/2019,11.722,11.747,10.801,11.046
07/06/2019,11.046,11.715,10.850,11.478
07/07/2019,11.472,11.616,11.068,11.513
07/08/2019,11.513,12.280,11.353,12.212
07/09/2019,12.212,12.815,12.125,12.388
07/10/2019,12.388,13.181,11.689,11.805
07/11/2019,11.777,12.185,10.999,11.162
07/12/2019,11.162,11.908,11.080,11.888
07/13/2019,11.901,11.919,10.856,10.908
07/14/2019,10.908,11.437,10.322,10.647
07/15/2019,10.639,10.937,9.906,10.805
07/16/2019,10.805,11.051,9.514,9.597
07/17/2019,9.591,9.964,9.083,9.692
07/18/2019,9.692,10.733,9.300,10.609
07/19/2019,10.613,10.766,10.166,10.509
07/20/2019,10.519,10.989,10.411,10.929
07/21/2019,10.933,11.082,10.335,10.509
07/22/2019,10.504,10.664,10.076,10.323
07/23/2019,10.323,10.382,9.884,10.163
07/24/2019,10.145,10.145,9.550,9.685
07/25/2019,9.676,10.183,9.667,9.873
07/26/2019,9.875,9.940,9.668,9.839
07/27/2019,9.832,10.183,9.330,9.449
07/28/2019,9.444,9.556,9.334,9.512
07/29/2019,9.512,9.705,9.124,9.517
07/30/2019,9.516,9.726,9.390,9.533
07/31/2019,9.533,10.091,9.530,10.033
08/01/2019,10.029,10.478,9.897,10.414
08/02/2019,10.414,10.662,10.339,10.393
08/03/2019,10.403,10.916,10.368,10.881
08/04/2019,10.888,11.031,10.590,10.943
08/05/2019,10.943,11.944,10.819,11.722
08/06/2019,11.725,12.307,11.583,11.650
08/07/2019,11.650,12.127,11.230,11.866
08/08/2019,11.868,12.040,11.518,11.616
08/09/2019,11.616,12.072,11.615,11.879
08/10/2019,11.878,11.977,11.239,11.321
08/11/2019,11.321,11.468,11.119,11.411
08/12/2019,11.418,11.563,11.275,11.428
08/13/2019,11.428,11.442,10.778,10.898
08/14/2019,10.889,10.901,10.070,10.177
08/15/2019,10.177,10.398,9.517,10.374
08/16/2019,10.380,10.549,9.775,10.398
08/17/2019,10.398,10.487,10.027,10.074
08/18/2019,10.080,10.511,10.079,10.370
08/19/2019,10.370,10.836,10.276,10.677
08/20/2019,10.685,10.957,10.582,10.707
08/21/2019,10.707,10.849,9.891,10.162
08/22/2019,10.156,10.230,9.779,10.186
08/23/2019,10.186,10.460,10.064,10.357
08/24/2019,10.365,10.454,9.913,10.105
08/25/2019,10.105,10.329,9.972,10.003
08/26/2019,10.001,10.645,9.936,10.268
08/27/2019,10.270,10.400,10.033,10.144
08/28/2019,10.144,10.281,9.599,9.673
08/29/2019,9.672,9.752,9.345,9.530
08/30/2019,9.530,9.687,9.370,9.638
08/31/2019,9.635,9.656,9.466,9.505
09/01/2019,9.505,9.689,9.480,9.641
09/02/2019,9.644,10.460,9.644,10.407
09/03/2019,10.407,10.768,10.297,10.713
09/04/2019,10.714,10.825,10.401,10.631
09/05/2019,10.629,10.696,10.483,10.523
09/06/2019,10.520,10.933,10.232,10.357
09/07/2019,10.358,10.564,10.299,10.522
09/08/2019,10.522,10.593,10.301,10.366
09/09/2019,10.370,10.536,10.101,10.239
09/10/2019,10.239,10.388,9.945,10.059
09/11/2019,10.059,10.224,9.869,10.106
09/12/2019,10.108,10.375,10.054,10.335
09/13/2019,10.337,10.470,10.173,10.268
09/14/2019,10.268,10.428,10.260,10.425
09/15/2019,10.425,10.445,10.276,10.284
09/16/2019,10.284,10.380,10.108,10.212
09/17/2019,10.223,10.354,10.149,10.271
09/18/2019,10.260,10.269,10.105,10.202
09/19/2019,10.202,10.372,9.710,10.267
09/20/2019,10.267,10.317,10.099,10.145
09/21/2019,10.145,10.189,9.965,9.972
09/22/2019,9.972,10.084,9.864,10.016
09/23/2019,10.016,10.082,9.725,9.793
09/24/2019,9.791,9.802,8.064,8.589
09/25/2019,8.589,8.798,8.252,8.528
09/26/2019,8.524,8.657,7.785,8.104
09/27/2019,8.104,8.143,7.887,8.074
09/28/2019,8.074,8.279,8.041,8.182
09/29/2019,8.182,8.338,7.940,8.023
09/30/2019,8.022,8.362,7.741,8.246
10/01/2019,8.246,8.528,8.202,8.392
10/02/2019,8.382,8.423,8.182,8.245
10/03/2019,8.245,8.423,8.100,8.156
10/04/2019,8.157,8.293,8.063,8.177
10/05/2019,8.177,8.228,8.031,8.109
10/06/2019,8.110,8.199,7.797,7.911
10/07/2019,7.911,8.311,7.790,8.217
10/08/2019,8.224,8.345,8.120,8.138
10/09/2019,8.137,8.692,8.130,8.599
10/10/2019,8.599,8.665,8.475,8.582
10/11/2019,8.583,8.791,8.297,8.346
10/12/2019,8.346,8.407,8.257,8.350
10/13/2019,8.352,8.470,8.174,8.265
10/14/2019,8.265,8.400,8.232,8.349
10/15/2019,8.349,8.406,8.133,8.157
10/16/2019,8.157,8.184,7.929,7.994
10/17/2019,7.995,8.126,7.947,8.054
10/18/2019,8.054,8.124,7.849,7.957
10/19/2019,7.955,8.087,7.902,7.952
10/20/2019,7.960,8.311,7.906,8.245
10/21/2019,8.238,8.317,8.169,8.211
10/22/2019,8.211,8.310,8.100,8.137
10/23/2019,8.137,8.137,7.338,7.499
10/24/2019,7.496,7.515,7.369,7.464
10/25/2019,7.464,8.746,7.417,8.589
10/26/2019,8.578,10.412,8.578,9.143
10/27/2019,9.132,9.799,9.103,9.611
10/28/2019,9.611,9.928,9.285,9.467
10/29/2019,9.461,9.549,9.111,9.453
10/30/2019,9.453,9.472,9.033,9.193
10/31/2019,9.192,9.412,8.976,9.180
11/01/2019,9.180,9.298,9.072,9.222
11/02/2019,9.223,9.398,9.214,9.322
11/03/2019,9.322,9.385,9.088,9.168
11/04/2019,9.161,9.540,9.136,9.447
11/05/2019,9.447,9.486,9.200,9.359
11/06/2019,9.360,9.446,9.268,9.318
11/07/2019,9.318,9.374,9.108,9.211
11/08/2019,9.211,9.248,8.687,8.867
11/09/2019,8.867,8.878,8.733,8.803
11/10/2019,8.805,9.127,8.756,9.052
11/11/2019,9.052,9.105,8.618,8.744
11/12/2019,8.744,8.852,8.579,8.772
11/13/2019,8.772,8.833,8.716,8.766
11/14/2019,8.768,8.794,8.578,8.660
11/15/2019,8.660,8.773,8.407,8.462
11/16/2019,8.461,8.533,8.437,8.494
11/17/2019,8.494,8.629,8.409,8.566
11/18/2019,8.565,8.565,8.083,8.231
11/19/2019,8.231,8.233,8.030,8.124
11/20/2019,8.124,8.219,8.051,8.099
11/21/2019,8.102,8.127,7.447,7.617
11/22/2019,7.617,7.722,6.816,7.345
11/23/2019,7.345,7.360,7.118,7.295
11/24/2019,7.295,7.352,6.958,7.066
11/25/2019,7.066,7.372,6.559,7.236
11/26/2019,7.236,7.348,7.054,7.129
11/27/2019,7.124,7.661,6.872,7.559
11/28/2019,7.558,7.661,7.436,7.578
11/29/2019,7.578,7.854,7.393,7.725
11/30/2019,7.721,7.812,7.486,7.559
12/01/2019,7.560,7.581,7.257,7.393
12/02/2019,7.393,7.464,7.193,7.331
12/03/2019,7.331,7.420,7.260,7.342
12/04/2019,7.342,7.740,7.111,7.194
12/05/2019,7.194,7.485,7.177,7.390
12/06/2019,7.390,7.619,7.335,7.484
12/07/2019,7.484,7.617,7.484,7.510
12/08/2019,7.510,7.585,7.409,7.564
12/09/2019,7.564,7.665,7.304,7.375
12/10/2019,7.371,7.396,7.191,7.234
12/11/2019,7.234,7.276,7.151,7.202
12/12/2019,7.204,7.299,7.103,7.212
12/13/2019,7.212,7.300,7.195,7.252
12/14/2019,7.252,7.274,7.022,7.092
12/15/2019,7.092,7.177,7.027,7.133
12/16/2019,7.133,7.152,6.856,6.892
12/17/2019,6.892,6.944,6.602,6.632
12/18/2019,6.633,7.222,6.459,7.143
12/19/2019,7.144,7.447,7.065,7.170
12/20/2019,7.169,7.225,7.094,7.209
12/21/2019,7.209,7.215,7.128,7.147
12/22/2019,7.145,7.463,7.138,7.420
12/23/2019,7.420,7.696,7.302,7.328
12/24/2019,7.328,7.417,7.168,7.255
12/25/2019,7.255,7.268,7.130,7.214
12/26/2019,7.218,7.437,7.179,7.208
12/27/2019,7.208,7.267,7.087,7.235
12/28/2019,7.235,7.359,7.235,7.334
12/29/2019,7.334,7.529,7.295,7.402
12/30/2019,7.402,7.430,7.217,7.254
12/31/2019,7.254,7.309,7.132,7.171
01/01/2020,7.171,7.245,7.167,7.229
01/02/2020,7.229,7.230,6.929,6.975
01/03/2020,6.975,7.411,6.880,7.280
01/04/2020,7.281,7.399,7.269,7.349
01/05/2020,7.349,7.493,7.336,7.376
01/06/2020,7.370,7.603,7.327,7.574
01/07/2020,7.579,8.187,7.579,8.020
01/08/2020,8.020,8.454,7.881,8.004
01/09/2020,8.004,8.104,7.754,7.789
01/10/2020,7.787,8.126,7.685,8.054
01/11/2020,8.054,8.273,7.989,8.106
01/12/2020,8.102,8.172,7.964,8.106
01/13/2020,8.100,8.193,8.054,8.133
01/14/2020,8.133,8.826,8.105,8.732
01/15/2020,8.732,8.881,8.577,8.816
01/16/2020,8.816,8.856,8.591,8.682
01/17/2020,8.682,8.992,8.672,8.897
01/18/2020,8.898,8.973,8.806,8.910
01/19/2020,8.910,9.176,8.484,8.718
01/20/2020,8.718,8.741,8.519,8.667
01/21/2020,8.667,8.771,8.507,8.724
01/22/2020,8.723,8.784,8.577,8.641
01/23/2020,8.641,8.665,8.290,8.391
01/24/2020,8.391,8.511,8.230,8.501
01/25/2020,8.501,8.505,8.268,8.376
01/26/2020,8.377,8.598,8.294,8.591
01/27/2020,8.591,8.989,8.552,8.954
01/28/2020,8.954,9.183,8.886,9.061
01/29/2020,9.051,9.423,9.049,9.362
01/30/2020,9.362,9.557,9.197,9.547
01/31/2020,9.549,9.559,9.217,9.362
02/01/2020,9.362,9.459,9.303,9.371
02/02/2020,9.371,9.478,9.162,9.450
02/03/2020,9.450,9.588,9.232,9.281
02/04/2020,9.281,9.349,9.094,9.149
02/05/2020,9.150,9.751,9.143,9.693
02/06/2020,9.693,9.851,9.540,9.731
02/07/2020,9.732,9.862,9.667,9.740
02/08/2020,9.740,9.934,9.663,9.924
02/09/2020,9.924,10.169,9.865,10.073
02/10/2020,10.073,10.188,9.744,9.865
02/11/2020,9.865,10.379,9.717,10.225
02/12/2020,10.225,10.471,10.216,10.379
02/13/2020,10.385,10.492,10.097,10.182
02/14/2020,10.180,10.383,10.103,10.339
02/15/2020,10.339,10.387,9.826,9.921
02/16/2020,9.921,10.040,9.656,9.776
02/17/2020,9.776,9.996,9.484,9.652
02/18/2020,9.653,10.262,9.622,10.134
02/19/2020,10.134,10.287,9.392,9.608
02/20/2020,9.599,9.694,9.470,9.613
02/21/2020,9.613,9.759,9.580,9.667
02/22/2020,9.667,9.724,9.573,9.693
02/23/2020,9.693,9.991,9.665,9.886
02/24/2020,9.886,10.019,9.494,9.607
02/25/2020,9.607,9.673,9.262,9.383
02/26/2020,9.391,9.425,8.648,8.763
02/27/2020,8.754,8.971,8.535,8.756
02/28/2020,8.760,8.903,8.446,8.676
02/29/2020,8.676,8.814,8.596,8.640
03/01/2020,8.641,8.752,8.439,8.524
03/02/2020,8.524,8.954,8.505,8.951
03/03/2020,8.952,8.977,8.676,8.749
03/04/2020,8.749,8.854,8.693,8.741
03/05/2020,8.741,9.170,8.740,9.126
03/06/2020,9.123,9.182,9.006,9.145
03/07/2020,9.145,9.210,8.874,8.900
03/08/2020,8.899,8.938,8.204,8.286
03/09/2020,8.285,8.301,7.665,7.860
03/10/2020,7.860,8.163,7.772,7.984
03/11/2020,8.007,8.044,7.617,7.872
03/12/2020,7.872,7.992,5.626,5.772
03/13/2020,5.747,6.029,3.966,5.435
03/14/2020,5.436,5.766,5.224,5.354
03/15/2020,5.354,5.583,5.074,5.187
03/16/2020,5.188,5.959,4.461,4.904
03/17/2020,4.904,5.502,4.882,5.474
03/18/2020,5.474,5.524,5.031,5.338
03/19/2020,5.339,6.365,5.267,6.241
03/20/2020,6.241,6.891,5.690,5.968
03/21/2020,5.964,6.376,5.897,6.343
03/22/2020,6.336,6.450,5.812,5.934
03/23/2020,5.934,6.614,5.730,6.408
03/24/2020,6.413,6.831,6.377,6.751
03/25/2020,6.751,6.967,6.489,6.597
03/26/2020,6.598,6.772,6.550,6.739
03/27/2020,6.739,6.842,6.588,6.679
03/28/2020,6.681,6.703,6.045,6.263
03/29/2020,6.263,6.274,5.881,5.954
03/30/2020,5.955,6.497,5.867,6.472
03/31/2020,6.478,6.575,6.350,6.482
04/01/2020,6.482,6.498,6.169,6.362
04/02/2020,6.357,7.219,6.357,6.833
04/03/2020,6.833,7.043,6.631,6.710
04/04/2020,6.704,6.968,6.681,6.854
04/05/2020,6.854,6.892,6.691,6.762
04/06/2020,6.762,7.306,6.731,7.298
04/07/2020,7.298,7.459,7.082,7.118
04/08/2020,7.360,7.419,7.218,7.327
04/09/2020,7.341,7.364,7.119,7.302
04/10/2020,7.315,7.315,6.766,6.919
04/11/2020,6.910,6.949,6.796,6.814
04/12/2020,6.814,7.196,6.795,7.143
04/13/2020,7.143,7.143,6.628,6.827
04/14/2020,6.763,6.983,6.763,6.872
04/15/2020,6.872,6.935,6.696,6.756
04/16/2020,6.756,7.145,6.635,7.046
04/17/2020,7.046,7.136,7.009,7.062
04/18/2020,7.087,7.279,7.068,7.223
04/19/2020,7.223,7.250,7.070,7.152
04/20/2020,7.151,7.222,6.851,6.866
04/21/2020,6.897,6.906,6.779,6.891
04/22/2020,6.857,7.164,6.856,7.115
04/23/2020,7.138,7.690,7.042,7.536
04/24/2020,7.557,7.609,7.416,7.531
04/25/2020,7.503,7.602,7.499,7.600
04/26/2020,7.600,7.700,7.535,7.603
04/27/2020,7.603,7.750,7.603,7.708
04/28/2020,7.712,7.789,7.669,7.744
04/29/2020,7.745,8.970,7.724,8.918
04/30/2020,8.918,9.448,8.446,8.830
05/01/2020,8.838,9.070,8.610,8.741
05/02/2020,8.741,9.027,8.729,8.946
05/03/2020,8.946,9.216,8.740,8.861
05/04/2020,8.853,8.952,8.549,8.930
05/05/2020,8.930,9.113,8.782,8.969
05/06/2020,8.960,9.379,8.924,9.251
05/07/2020,9.251,9.959,9.088,9.774
05/08/2020,9.788,10.045,9.742,9.994
05/09/2020,9.994,10.017,9.557,9.666
05/10/2020,9.666,9.685,8.222,8.700
05/11/2020,8.693,9.142,8.239,8.636
05/12/2020,8.636,8.976,8.495,8.832
05/13/2020,8.831,9.331,8.751,9.312
05/14/2020,9.312,9.936,9.281,9.655
05/15/2020,9.656,9.847,9.177,9.225
05/16/2020,9.225,9.576,9.212,9.385
05/17/2020,9.378,9.867,9.337,9.741
05/18/2020,9.741,9.924,9.509,9.684
05/19/2020,9.684,9.882,9.478,9.698
05/20/2020,9.698,9.832,9.380,9.592
05/21/2020,9.592,9.594,8.819,9.075
05/22/2020,9.075,9.263,8.946,9.191
05/23/2020,9.191,9.308,9.100,9.235
05/24/2020,9.235,9.300,8.861,9.006
05/25/2020,9.006,9.080,8.679,8.917
05/26/2020,8.917,9.005,8.723,8.867
05/27/2020,8.867,9.216,8.810,9.163
05/28/2020,9.165,9.518,9.062,9.453
05/29/2020,9.451,9.614,9.348,9.417
05/30/2020,9.417,9.594,9.337,9.439
05/31/2020,9.439,9.728,9.437,9.504
06/01/2020,9.504,9.691,9.400,9.691
06/02/2020,9.671,10.339,9.364,9.529
06/03/2020,9.529,9.637,9.434,9.585
06/04/2020,9.586,9.870,9.477,9.786
06/05/2020,9.786,9.854,9.622,9.715
06/06/2020,9.715,9.734,9.550,9.708
06/07/2020,9.708,9.793,9.409,9.707
06/08/2020,9.731,9.796,9.663,9.709
06/09/2020,9.709,9.855,9.630,9.758
06/10/2020,9.757,9.975,9.717,9.870
06/11/2020,9.870,9.959,9.198,9.338
06/12/2020,9.343,9.558,9.245,9.457
06/13/2020,9.457,9.492,9.366,9.407
06/14/2020,9.408,9.478,9.336,9.384
06/15/2020,9.384,9.484,8.927,9.484
06/16/2020,9.483,9.594,9.383,9.499
06/17/2020,9.499,9.553,9.255,9.379
06/18/2020,9.373,9.476,9.318,9.349
06/19/2020,9.349,9.417,9.237,9.316
06/20/2020,9.317,9.347,9.211,9.319
06/21/2020,9.319,9.405,9.301,9.313
06/22/2020,9.313,9.655,9.278,9.640
06/23/2020,9.640,9.752,9.579,9.644
06/24/2020,9.635,9.669,9.216,9.296
06/25/2020,9.296,9.320,9.018,9.278
06/26/2020,9.277,9.333,9.053,9.201
06/27/2020,9.201,9.212,8.859,8.957
06/28/2020,8.957,9.189,8.945,9.111
06/29/2020,9.111,9.192,9.034,9.178
06/30/2020,9.179,9.231,9.069,9.150
07/01/2020,9.150,9.300,9.102,9.243
07/02/2020,9.243,9.266,8.963,9.087
07/03/2020,9.087,9.147,9.066,9.097
07/04/2020,9.097,9.188,9.054,9.132
07/05/2020,9.131,9.149,9.012,9.022
07/06/2020,9.022,9.353,8.938,9.280
07/07/2020,9.279,9.372,9.220,9.258
07/08/2020,9.258,9.462,9.239,9.435
07/09/2020,9.435,9.473,9.197,9.244
07/10/2020,9.244,9.260,9.133,9.237
07/11/2020,9.237,9.313,9.190,9.224
07/12/2020,9.224,9.345,9.176,9.240
07/13/2020,9.239,9.332,9.210,9.256
07/14/2020,9.256,9.278,9.135,9.272
07/15/2020,9.272,9.277,9.170,9.216
07/16/2020,9.216,9.231,9.051,9.103
07/17/2020,9.104,9.185,8.608,9.159
07/18/2020,9.159,9.208,9.131,9.185
07/19/2020,9.185,9.192,9.119,9.176
07/20/2020,9.176,9.225,9.149,9.178
07/21/2020,9.178,9.440,9.155,9.382
07/22/2020,9.382,9.402,9.305,9.380
07/23/2020,9.380,9.674,9.376,9.594
07/24/2020,9.594,9.634,9.482,9.629
07/25/2020,9.629,9.742,9.538,9.734
07/26/2020,9.729,10.128,9.670,9.893
07/27/2020,9.893,10.906,9.882,10.862
07/28/2020,10.889,11.387,10.595,10.982
07/29/2020,10.982,11.290,10.855,11.230
07/30/2020,11.219,11.335,10.871,11.155
07/31/2020,11.152,11.462,10.981,11.359
08/01/2020,11.359,11.874,11.245,11.835
08/02/2020,11.835,12.097,10.711,11.102
08/03/2020,11.097,11.479,10.986,11.387
08/04/2020,11.387,11.421,11.068,11.213
08/05/2020,11.216,11.724,11.117,11.692
08/06/2020,11.692,11.917,11.590,11.854
08/07/2020,11.854,11.920,11.370,11.581
08/08/2020,11.581,11.812,11.549,11.715
08/09/2020,11.715,11.803,11.542,11.681
08/10/2020,11.681,12.070,11.557,11.866
08/11/2020,11.871,11.940,11.159,11.239
08/12/2020,11.239,11.624,11.151,11.573
08/13/2020,11.575,11.655,11.291,11.640
08/14/2020,11.621,11.864,11.621,11.777
08/15/2020,11.777,11.987,11.731,11.876
08/16/2020,11.876,11.981,11.716,11.857
08/17/2020,11.857,12.466,11.779,12.329
08/18/2020,12.331,12.413,11.875,12.035
08/19/2020,12.035,12.103,11.630,11.728
08/20/2020,11.733,11.896,11.697,11.871
08/21/2020,11.871,11.899,11.624,11.634
08/22/2020,11.625,11.658,11.395,11.616
08/23/2020,11.616,11.724,11.537,11.680
08/24/2020,11.674,11.832,11.609,11.743
08/25/2020,11.743,11.792,11.150,11.272
08/26/2020,11.275,11.542,11.270,11.499
08/27/2020,11.499,11.573,11.152,11.272
08/28/2020,11.271,11.553,11.258,11.500
08/29/2020,11.500,11.591,11.448,11.528
08/30/2020,11.528,11.694,11.477,11.643
08/31/2020,11.643,11.785,11.580,11.683
09/01/2020,11.685,12.062,11.561,12.023
09/02/2020,12.023,12.051,11.223,11.372
09/03/2020,11.372,11.461,10.558,10.794
09/04/2020,10.793,10.812,10.042,10.610
09/05/2020,10.610,10.639,9.905,10.112
09/06/2020,10.112,10.308,9.970,10.242
09/07/2020,10.243,10.354,9.893,10.142
09/08/2020,10.142,10.437,9.953,10.030
09/09/2020,10.027,10.351,9.891,10.265
09/10/2020,10.265,10.476,10.187,10.307
09/11/2020,10.308,10.384,10.222,10.329
09/12/2020,10.329,10.485,10.289,10.447
09/13/2020,10.446,10.586,10.231,10.324
09/14/2020,10.324,10.752,10.262,10.694
09/15/2020,10.697,10.944,10.634,10.870
09/16/2020,10.870,11.101,10.681,11.000
09/17/2020,11.000,11.058,10.765,10.938
09/18/2020,10.938,11.040,10.833,10.900
09/19/2020,10.900,11.164,10.892,11.093
09/20/2020,11.093,11.093,10.782,10.861
09/21/2020,10.858,10.988,10.323,10.479
09/22/2020,10.479,10.539,10.379,10.520
09/23/2020,10.521,10.579,10.144,10.216
09/24/2020,10.216,10.705,10.204,10.637
09/25/2020,10.624,10.772,10.576,10.713
09/26/2020,10.713,10.798,10.661,10.720
09/27/2020,10.721,10.802,10.609,10.727
09/28/2020,10.727,10.948,10.712,10.871
09/29/2020,10.871,10.892,10.647,10.761
09/30/2020,10.761,10.865,10.675,10.711
10/01/2020,10.707,10.920,10.471,10.613
10/02/2020,10.613,10.668,10.401,10.540
10/03/2020,10.540,10.607,10.475,10.580
10/04/2020,10.580,10.700,10.536,10.652
10/05/2020,10.652,10.754,10.635,10.741
10/06/2020,10.740,10.797,10.544,10.557
10/07/2020,10.557,10.678,10.546,10.660
10/08/2020,10.662,10.945,10.558,10.894
10/09/2020,10.894,11.099,10.848,11.042
10/10/2020,11.041,11.464,11.029,11.371
10/11/2020,11.371,11.436,11.277,11.350
10/12/2020,11.342,11.599,11.225,11.564
10/13/2020,11.564,11.719,11.322,11.437
10/14/2020,11.437,11.546,11.306,11.396
10/15/2020,11.398,11.593,11.288,11.544
10/16/2020,11.558,11.558,11.231,11.314
10/17/2020,11.319,11.406,11.283,11.356
10/18/2020,11.357,11.500,11.345,11.447
10/19/2020,11.447,11.811,11.419,11.732
10/20/2020,11.732,12.044,11.693,11.904
10/21/2020,11.904,12.905,11.889,12.853
10/22/2020,12.856,13.216,12.706,13.128
10/23/2020,13.128,13.197,12.746,12.941
10/24/2020,12.941,13.161,12.887,13.103
10/25/2020,13.103,13.339,12.911,13.040
10/26/2020,13.038,13.242,12.810,13.025
10/27/2020,13.025,13.754,13.000,13.632
10/28/2020,13.619,13.847,12.925,13.208
10/29/2020,13.208,13.641,12.990,13.482
10/30/2020,13.484,13.673,13.146,13.644
10/31/2020,13.644,14.047,13.440,13.841
11/01/2020,13.847,13.894,13.645,13.816
11/02/2020,13.816,13.837,13.243,13.622
11/03/2020,13.619,13.798,13.308,13.733
11/04/2020,13.733,14.240,13.556,14.002
11/05/2020,14.005,15.291,14.005,15.244
11/06/2020,15.244,15.937,15.206,15.561
11/07/2020,15.549,15.760,14.428,14.846
11/08/2020,14.846,15.652,14.692,15.347
11/09/2020,15.333,15.845,14.866,15.392
11/10/2020,15.392,15.470,15.092,15.393
11/11/2020,15.393,15.959,15.293,15.799
11/12/2020,15.799,16.204,15.499,16.150
11/13/2020,16.155,16.486,15.984,16.287
11/14/2020,16.287,16.362,15.738,15.997
11/15/2020,15.996,16.149,15.824,15.865
11/16/2020,15.859,16.885,15.795,16.717
11/17/2020,16.717,17.837,16.569,17.627
11/18/2020,17.633,18.467,17.318,17.781
11/19/2020,17.781,18.163,17.377,17.939
11/20/2020,17.939,18.809,17.732,18.586
11/21/2020,18.586,18.964,18.443,18.638
11/22/2020,18.635,18.733,17.666,18.585
11/23/2020,18.585,18.759,18.012,18.426
11/24/2020,18.419,19.414,18.120,18.938
11/25/2020,18.938,19.495,18.649,18.846
11/26/2020,18.859,18.924,16.311,17.122
11/27/2020,17.122,17.463,16.508,17.037
11/28/2020,17.037,17.891,16.895,17.764
11/29/2020,17.765,18.330,17.556,18.267
11/30/2020,18.267,19.835,18.094,19.376
12/01/2020,19.380,19.928,18.229,19.089
12/02/2020,19.089,19.337,18.362,19.161
12/03/2020,19.160,19.618,18.920,19.465
12/04/2020,19.465,19.550,18.735,18.833
12/05/2020,18.828,19.186,18.512,19.019
12/06/2020,19.019,19.339,18.895,19.246
12/07/2020,19.249,19.429,18.924,19.087
12/08/2020,19.087,19.302,18.632,18.784
12/09/2020,18.776,18.823,17.653,18.550
12/10/2020,18.550,18.650,17.938,18.352
12/11/2020,18.351,18.396,17.604,18.106
12/12/2020,18.106,18.837,18.033,18.794
12/13/2020,18.800,19.414,18.734,19.182
12/14/2020,19.182,19.314,18.996,19.201
12/15/2020,19.199,19.561,19.086,19.431
12/16/2020,19.431,21.275,19.319,21.240
12/17/2020,21.200,23.685,21.200,22.767
12/18/2020,22.775,23.278,22.398,22.911
12/19/2020,22.898,24.128,22.805,24.004
12/20/2020,23.988,24.244,23.117,23.494
12/21/2020,23.406,24.094,22.080,23.146
12/22/2020,23.138,23.598,22.385,23.434
12/23/2020,23.434,24.085,22.863,23.299
12/24/2020,23.295,23.546,22.689,23.384
12/25/2020,23.399,24.657,23.379,24.409
12/26/2020,24.409,26.753,24.379,26.648
12/27/2020,26.666,28.326,25.824,26.303
12/28/2020,26.303,27.404,26.136,26.634
12/29/2020,26.606,27.164,25.926,26.870
12/30/2020,26.870,28.980,26.870,28.896
12/31/2020,28.898,29.298,27.989,28.966
01/01/2021,28.965,29.650,28.754,29.259
01/02/2021,29.243,33.219,29.050,31.690
01/03/2021,31.714,34.524,31.494,33.581
01/04/2021,33.581,33.649,28.258,31.027
01/05/2021,31.029,34.221,29.991,33.788
01/06/2021,33.788,36.452,33.478,35.848
01/07/2021,35.934,40.358,35.806,39.596
01/08/2021,39.596,41.958,36.722,39.927
01/09/2021,39.927,41.401,38.775,40.769
01/10/2021,40.802,41.423,35.193,37.984
01/11/2021,37.984,38.931,30.323,34.184
01/12/2021,34.088,36.612,32.585,34.766
01/13/2021,34.736,37.358,32.466,37.248
01/14/2021,37.248,40.030,36.799,38.863
01/15/2021,38.757,39.673,34.446,36.324
01/16/2021,36.324,37.938,35.624,35.785
01/17/2021,35.935,36.828,33.928,36.530
01/18/2021,36.530,37.433,34.841,36.255
01/19/2021,36.252,37.843,36.170,36.494
01/20/2021,36.494,36.788,33.487,34.892
01/21/2021,34.919,35.664,31.048,31.275
01/22/2021,31.275,33.842,28.898,33.375
01/23/2021,33.375,33.642,31.471,32.340
01/24/2021,32.399,33.069,31.012,31.934
01/25/2021,31.934,34.860,31.731,32.643
01/26/2021,32.681,32.812,30.921,31.993
01/27/2021,31.993,32.879,29.288,31.030
01/28/2021,30.941,33.286,29.970,33.274
01/29/2021,33.274,38.641,32.002,34.715
01/30/2021,34.642,35.344,32.880,34.649
01/31/2021,34.649,34.789,32.237,32.626
02/01/2021,32.608,34.698,32.397,33.667
02/02/2021,33.667,35.982,33.470,35.686
02/03/2021,35.710,37.450,35.473,37.284
02/04/2021,37.284,38.725,36.281,37.712
02/05/2021,37.687,38.325,36.642,37.853
02/06/2021,37.853,40.972,37.714,40.103
02/07/2021,40.085,40.481,37.422,38.610
02/08/2021,38.610,44.797,38.085,44.797
02/09/2021,44.692,48.219,44.356,47.357
02/10/2021,47.357,47.357,43.783,45.039
02/11/2021,45.050,48.593,44.090,46.943
02/12/2021,46.943,48.842,46.438,47.853
02/13/2021,47.962,48.143,46.342,47.210
02/14/2021,47.210,49.698,46.954,48.921
02/15/2021,48.840,49.277,45.944,48.183
02/16/2021,48.183,50.513,47.186,48.642
02/17/2021,48.607,52.619,48.590,52.333
02/18/2021,52.333,52.524,51.023,52.059
02/19/2021,52.051,56.211,50.880,55.493
02/20/2021,55.493,57.485,55.101,56.501
02/21/2021,56.523,58.315,54.040,57.332
02/22/2021,57.332,57.616,48.034,54.919
02/23/2021,54.919,55.032,45.212,48.016
02/24/2021,48.084,51.337,47.039,48.720
02/25/2021,48.720,52.054,48.119,48.199
02/26/2021,48.199,48.821,44.246,45.621
02/27/2021,45.680,48.321,45.118,46.844
02/28/2021,46.844,46.859,43.197,45.255
03/01/2021,45.254,49.412,44.970,48.844
03/02/2021,48.844,50.200,47.144,47.477
03/03/2021,47.466,52.564,47.422,50.952
03/04/2021,50.952,51.777,47.555,47.924
03/05/2021,47.917,49.442,46.472,49.138
03/06/2021,49.138,49.391,47.147,48.583
03/07/2021,48.592,51.343,48.552,50.104
03/08/2021,50.104,51.949,49.368,51.896
03/09/2021,51.883,54.818,51.448,54.313
03/10/2021,54.313,57.357,53.235,56.932
03/11/2021,56.954,57.918,54.416,57.721
03/12/2021,57.721,58.118,55.160,56.981
03/13/2021,56.990,61.732,56.144,61.002
03/14/2021,61.002,61.674,59.348,60.173
03/15/2021,60.259,60.738,55.030,56.398
03/16/2021,56.398,56.952,53.311,56.379
03/17/2021,56.392,58.197,54.298,57.834
03/18/2021,57.706,60.040,57.145,57.533
03/19/2021,57.533,59.436,56.303,58.426
03/20/2021,58.404,59.909,57.890,58.466
03/21/2021,58.466,58.792,55.578,57.792
03/22/2021,57.788,58.373,54.316,54.610
03/23/2021,54.610,55.816,53.100,54.346
03/24/2021,54.445,57.159,53.294,54.175
03/25/2021,54.175,54.175,50.485,51.989
03/26/2021,51.989,54.262,51.309,54.014
03/27/2021,54.014,56.254,53.986,55.916
03/28/2021,55.909,56.616,54.740,54.863
03/29/2021,54.863,58.335,54.830,57.176
03/30/2021,57.250,59.408,57.078,58.671
03/31/2021,58.671,59.831,57.054,58.932
04/01/2021,58.932,59.441,58.021,58.855
04/02/2021,58.862,60.118,58.526,58.655
04/03/2021,58.655,59.797,57.848,58.063
04/04/2021,58.038,58.463,56.504,58.030
04/05/2021,58.030,59.231,56.886,58.810
04/06/2021,58.800,59.469,57.391,58.244
04/07/2021,58.244,58.624,55.494,56.157
04/08/2021,56.221,58.134,55.752,57.681
04/09/2021,57.677,58.879,57.473,58.354
04/10/2021,58.354,61.197,57.876,58.621
04/11/2021,58.606,60.649,58.599,59.607
04/12/2021,59.607,61.224,59.429,60.011
04/13/2021,60.000,63.621,59.783,63.196
04/14/2021,63.196,64.788,61.368,62.357
04/15/2021,62.403,63.649,62.034,63.381
04/16/2021,63.381,63.769,60.081,61.962
04/17/2021,61.977,62.490,59.747,60.843
04/18/2021,60.843,60.966,51.907,56.239
04/19/2021,56.231,57.554,54.305,56.175
04/20/2021,56.175,57.035,53.463,56.852
04/21/2021,56.781,57.079,54.346,55.029
04/22/2021,55.029,55.410,51.515,51.843
04/23/2021,51.597,52.220,47.657,50.620
04/24/2021,50.556,51.215,48.821,50.955
04/25/2021,50.955,51.113,48.075,48.075
04/26/2021,48.065,54.363,47.110,53.297
04/27/2021,53.297,55.289,52.689,55.067
04/28/2021,55.180,56.369,53.913,54.456
04/29/2021,54.456,55.191,52.408,53.006
04/30/2021,52.991,57.295,52.871,56.803
05/01/2021,56.812,58.459,56.726,57.700
05/02/2021,57.685,57.948,56.130,57.016
05/03/2021,57.016,58.973,56.306,56.826
05/04/2021,56.821,57.465,53.330,54.842
05/05/2021,54.842,57.909,53.058,56.854
05/06/2021,56.863,58.334,55.427,55.987
05/07/2021,55.987,58.683,55.350,57.699
05/08/2021,57.713,59.556,56.915,59.014
05/09/2021,59.014,59.318,56.530,57.982
05/10/2021,58.001,59.552,54.000,55.328
05/11/2021,55.328,56.949,54.612,56.942
05/12/2021,56.942,57.977,53.646,54.540
05/13/2021,54.540,54.820,46.710,49.253
05/14/2021,49.253,51.543,48.528,49.351
05/15/2021,49.351,50.661,47.128,48.255
05/16/2021,48.266,49.812,43.893,44.062
05/17/2021,44.062,46.552,42.162,44.843
05/18/2021,44.853,45.816,42.539,43.318
05/19/2021,43.367,43.569,30.445,38.390
